-- --------------------------------------------------------
-- Host:                         127.0.0.1
-- Server version:               8.0.30 - MySQL Community Server - GPL
-- Server OS:                    Win64
-- HeidiSQL Version:             12.1.0.6537
-- --------------------------------------------------------

/*!40101 SET @OLD_CHARACTER_SET_CLIENT=@@CHARACTER_SET_CLIENT */;
/*!40101 SET NAMES utf8 */;
/*!50503 SET NAMES utf8mb4 */;
/*!40103 SET @OLD_TIME_ZONE=@@TIME_ZONE */;
/*!40103 SET TIME_ZONE='+00:00' */;
/*!40014 SET @OLD_FOREIGN_KEY_CHECKS=@@FOREIGN_KEY_CHECKS, FOREIGN_KEY_CHECKS=0 */;
/*!40101 SET @OLD_SQL_MODE=@@SQL_MODE, SQL_MODE='NO_AUTO_VALUE_ON_ZERO' */;
/*!40111 SET @OLD_SQL_NOTES=@@SQL_NOTES, SQL_NOTES=0 */;


-- Dumping database structure for db_tracking
CREATE DATABASE IF NOT EXISTS `db_tracking` /*!40100 DEFAULT CHARACTER SET utf8mb4 COLLATE utf8mb4_0900_ai_ci */ /*!80016 DEFAULT ENCRYPTION='N' */;
USE `db_tracking`;

-- Dumping structure for table db_tracking.tb_mahasiswa
CREATE TABLE IF NOT EXISTS `tb_mahasiswa` (
  `id_m` int NOT NULL AUTO_INCREMENT,
  `nama_mahasiswa` varchar(50) DEFAULT NULL,
  `nim` varchar(12) DEFAULT NULL,
  `peminatan` varchar(30) DEFAULT NULL,
  `jenis_kelamin` varchar(12) DEFAULT NULL,
  PRIMARY KEY (`id_m`)
) ENGINE=InnoDB AUTO_INCREMENT=87 DEFAULT CHARSET=utf8mb4 COLLATE=utf8mb4_0900_ai_ci;

-- Dumping data for table db_tracking.tb_mahasiswa: ~80 rows (approximately)
INSERT INTO `tb_mahasiswa` (`id_m`, `nama_mahasiswa`, `nim`, `peminatan`, `jenis_kelamin`) VALUES
	(1, 'Chintya Mawadhah Sumitro', 'E1E119001', 'RPL', 'Perempuan'),
	(2, 'Desri Puspita Sari', 'E1E119002', 'Jaringan', 'Perempuan'),
	(3, 'Dini Fadilah', 'E1E119003', 'RPL', 'Perempuan'),
	(4, 'Dwi Hardiansyah', 'E1E119004', 'Jaringan', 'Laki-Laki'),
	(5, 'Frida Mimi Wahyuni', 'E1E119005', 'KCV', 'Perempuan'),
	(6, 'Mihra Wardana', 'E1E119006', 'RPL', 'Perempuan'),
	(7, 'Nur Rahmawati Subuh', 'E1E119007', 'RPL', 'Perempuan'),
	(8, 'Nurul Hajra Hadijah', 'E1E119008', 'RPL', 'Perempuan'),
	(9, 'Putri Nabilla', 'E1E119009', 'KCV', 'Perempuan'),
	(10, 'Rahmat Zulwan S.', 'E1E119010', 'RPL', 'Laki-Laki'),
	(11, 'Reskal', 'E1E119011', 'KCV', 'Laki-Laki'),
	(12, 'Resti', 'E1E119012', 'RPL', 'Perempuan'),
	(13, 'Resty Saleha', 'E1E119013', 'RPL', 'Perempuan'),
	(14, 'Syahidatul Islamiyah', 'E1E119014', 'RPL', 'Perempuan'),
	(15, 'Wa Ode Asrina Yulianti', 'E1E119015', 'RPL', 'Perempuan'),
	(16, 'Wa Ode St. Fadila', 'E1E119016', 'RPL', 'Perempuan'),
	(17, 'Andi Gammad Brilliant Arifzha', 'E1E119017', 'RPL', 'Laki-Laki'),
	(18, 'Abdi Aman Bangsa', 'E1E119018', 'RPL', 'Laki-Laki'),
	(19, 'Anantha Tisa Audrian', 'E1E119019', 'RPL', 'Laki-Laki'),
	(20, 'Andi Khairul Baits Said', 'E1E119020', 'RPL', 'Laki-Laki'),
	(21, 'Andi Muhammad Arkan', 'E1E119021', 'Jaringan', 'Laki-Laki'),
	(22, 'Asfan Meliawan', 'E1E119022', 'KCV', 'Laki-Laki'),
	(23, 'Fahrul Ardian Nugroho', 'E1E119023', 'RPL', 'Laki-Laki'),
	(24, 'Fatma Yulniar', 'E1E119024', 'RPL', 'Perempuan'),
	(25, 'Gisela Sanggaria', 'E1E119025', 'RPL', 'Perempuan'),
	(26, 'I Komang Sucita Darma', 'E1E119026', 'RPL', 'Laki-Laki'),
	(27, 'Ida Bagus Gede Pala Asmara', 'E1E119027', 'RPL', 'Laki-Laki'),
	(28, 'Idham Ar-Rasyid', 'E1E119028', 'RPL', 'Laki-Laki'),
	(29, 'Indah Fauzia', 'E1E119029', 'RPL', 'Perempuan'),
	(30, 'Kadek Rai Rieska Jandwarda', 'E1E119030', 'RPL', 'Laki-Laki'),
	(31, 'Muhammad Farhan Saputra', 'E1E119031', 'RPL', 'Laki-Laki'),
	(32, 'Muhammad Algazali', 'E1E119032', 'Jaringan', 'Laki-Laki'),
	(33, 'Muhammad Rafli', 'E1E119033', 'RPL', 'Laki-Laki'),
	(34, 'Nadaa Quratul Ain', 'E1E119034', 'RPL', 'Perempuan'),
	(35, 'Nurhalisa Madukubah', 'E1E119035', 'RPL', 'Perempuan'),
	(37, 'Rabbil Sukarnas Malid Irman', 'E1E119037', 'RPL', 'Laki-Laki'),
	(38, 'Susana Aprilia Maharani', 'E1E119038', 'KCV', 'Perempuan'),
	(39, 'Abdullah Alhayad Arafah', 'E1E119039', 'KCV', 'Laki-Laki'),
	(41, 'Agatha Mega Putri', 'E1E119041', 'RPL', 'Perempuan'),
	(42, 'Ahmad Ainun Marwan', 'E1E119042', 'Jaringan', 'Laki-Laki'),
	(43, 'Ahmad Dhani Ali', 'E1E119043', 'RPL', 'Laki-Laki'),
	(44, 'Al Muhaimin', 'E1E119044', 'Jaringan', 'Laki-Laki'),
	(45, 'Alif Anugrah', 'E1E119045', 'RPL', 'Laki-Laki'),
	(46, 'Andi Abdillah Juliardi', 'E1E119046', 'RPL', 'Laki-Laki'),
	(47, 'Andi Nurhalisa', 'E1E119047', 'RPL', 'Perempuan'),
	(48, 'Andri Rozaldin', 'E1E119048', 'Jaringan', 'Laki-Laki'),
	(49, 'Annisaa Dwi Amalia Santoso', 'E1E119049', 'RPL', 'Perempuan'),
	(50, 'Daniel Jr. March Cavallera L.', 'E1E119050', 'Jaringan', 'Laki-Laki'),
	(51, 'Diah Ayu Ningtiyas', 'E1E119051', 'RPL', 'Perempuan'),
	(52, 'Eka Wahyu Hidayati', 'E1E119052', 'RPL', 'Perempuan'),
	(53, 'Fadli Brilian Daksa', 'E1E119053', 'RPL', 'Laki-Laki'),
	(54, 'Farid Muhammad', 'E1E119054', 'RPL', 'Laki-Laki'),
	(55, 'Farshaneda Rahim', 'E1E119055', 'RPL', 'Perempuan'),
	(56, 'Febriana', 'E1E119056', 'RPL', 'Perempuan'),
	(57, 'Gita Prisilfia', 'E1E119057', 'Jaringan', 'Perempuan'),
	(58, 'Ifani Fadillah Putri', 'E1E119058', 'Jaringan', 'Perempuan'),
	(59, 'Laode Rahmat Hidayat', 'E1E119059', 'RPL', 'Laki-Laki'),
	(60, 'La Ode Zahirul Hikmah', 'E1E119060', 'Jaringan', 'Laki-Laki'),
	(62, 'Lily Karmila', 'E1E119062', 'RPL', 'Perempuan'),
	(64, 'Muhammad Yasir', 'E1E119064', 'Jaringan', 'Laki-Laki'),
	(65, 'Muhammad Alqadri', 'E1E119065', 'RPL', 'Laki-Laki'),
	(66, 'Muh. Erhan Rafli Setiawan A.', 'E1E119066', 'Jaringan', 'Laki-Laki'),
	(67, 'Muhammad Farhan', 'E1E119067', 'Jaringan', 'Laki-Laki'),
	(68, 'Muh. Syaban Aditya Marsyawal', 'E1E119068', 'Jaringan', 'Laki-Laki'),
	(71, 'Niken Indryani', 'E1E119071', 'Jaringan', 'Perempuan'),
	(72, 'Nurul Niza', 'E1E119072', 'RPL', 'Perempuan'),
	(73, 'Priyanto Darmansyah', 'E1E119073', 'Jaringan', 'Laki-Laki'),
	(74, 'Queen Isabell Felicya Tatambihe', 'E1E119074', 'Jaringan', 'Perempuan'),
	(75, 'Ratri Pramudita', 'E1E119075', 'Jaringan', 'Perempuan'),
	(76, 'Ridha Entim Aprilya', 'E1E119076', 'Jaringan', 'Perempuan'),
	(77, 'Rizky Khairun Nisa', 'E1E119077', 'RPL', 'Perempuan'),
	(78, 'Sarmin', 'E1E119078', 'Jaringan', 'Laki-Laki'),
	(79, 'Shafira Khaerunnisa Arifin', 'E1E119079', 'KCV', 'Perempuan'),
	(80, 'Tunfatul Uzma', 'E1E119080', 'Jaringan', 'Perempuan'),
	(81, 'Urif Hermawan', 'E1E119081', 'Jaringan', 'Laki-Laki'),
	(82, 'Wa Ode Kinanti Ayunin Asadih', 'E1E119082', 'RPL', 'Perempuan'),
	(83, 'Waode Anti', 'E1E119083', 'RPL', 'Perempuan'),
	(84, 'Winel Dwi Satrini', 'E1E119084', 'Jaringan', 'Perempuan'),
	(85, 'Yoga Maulana', 'E1E119085', 'Jaringan', 'Laki-Laki'),
	(86, 'Yuyun Rusmianti', 'E1E119086', 'RPL', 'Perempuan');

-- Dumping structure for table db_tracking.tb_progress
CREATE TABLE IF NOT EXISTS `tb_progress` (
  `id_p` int NOT NULL AUTO_INCREMENT,
  `id_m` int DEFAULT NULL,
  `id_t` int DEFAULT NULL,
  `tanggal` date DEFAULT NULL,
  PRIMARY KEY (`id_p`),
  KEY `id_m` (`id_m`),
  KEY `id_t` (`id_t`),
  CONSTRAINT `tb_progress_ibfk_1` FOREIGN KEY (`id_m`) REFERENCES `tb_mahasiswa` (`id_m`),
  CONSTRAINT `tb_progress_ibfk_2` FOREIGN KEY (`id_t`) REFERENCES `tb_tahapan` (`id_t`)
) ENGINE=InnoDB AUTO_INCREMENT=4155 DEFAULT CHARSET=utf8mb4 COLLATE=utf8mb4_0900_ai_ci;

-- Dumping data for table db_tracking.tb_progress: ~4.110 rows (approximately)
INSERT INTO `tb_progress` (`id_p`, `id_m`, `id_t`, `tanggal`) VALUES
	(1, 1, 1, '2001-01-01'),
	(2, 1, 2, '2023-01-01'),
	(3, 1, 3, '2023-01-01'),
	(4, 1, 4, '2023-01-01'),
	(6, 2, 1, '2001-01-01'),
	(7, 2, 2, '2023-01-18'),
	(8, 2, 3, '2023-01-18'),
	(9, 3, 1, '2001-01-01'),
	(10, 3, 2, '2023-02-02'),
	(11, 3, 3, '2023-02-02'),
	(12, 3, 4, '2023-02-02'),
	(13, 3, 5, '2023-02-02'),
	(14, 4, 1, '2001-01-01'),
	(15, 4, 2, '2023-03-20'),
	(16, 4, 3, '2023-03-20'),
	(17, 4, 4, '2023-03-20'),
	(18, 4, 5, '2023-03-20'),
	(19, 5, 1, '2001-01-01'),
	(20, 5, 2, '2023-01-28'),
	(21, 5, 3, '2023-01-28'),
	(22, 5, 4, '2023-01-28'),
	(23, 6, 1, '2001-01-01'),
	(24, 6, 2, '2023-02-03'),
	(25, 6, 3, '2023-02-03'),
	(26, 6, 4, '2023-02-03'),
	(27, 6, 5, '2023-02-03'),
	(28, 7, 1, '2001-01-01'),
	(29, 7, 2, '2023-02-04'),
	(30, 7, 3, '2023-02-04'),
	(31, 7, 4, '2023-02-04'),
	(32, 7, 5, '2023-02-04'),
	(33, 8, 1, '2001-01-01'),
	(34, 8, 2, '2023-02-05'),
	(35, 8, 3, '2023-02-05'),
	(36, 8, 4, '2023-02-05'),
	(37, 8, 5, '2023-02-05'),
	(38, 9, 1, '2001-01-01'),
	(39, 9, 2, '2023-01-29'),
	(40, 9, 3, '2023-01-29'),
	(41, 9, 4, '2023-01-29'),
	(42, 10, 1, '2001-01-01'),
	(43, 10, 2, '2023-02-28'),
	(44, 10, 3, '2023-02-28'),
	(45, 10, 4, '2023-02-28'),
	(46, 10, 5, '2023-02-28'),
	(47, 11, 1, '2001-01-01'),
	(48, 11, 2, '2023-03-18'),
	(49, 11, 3, '2023-03-18'),
	(50, 11, 4, '2023-03-18'),
	(51, 11, 5, '2023-03-18'),
	(52, 12, 1, '2001-01-01'),
	(53, 12, 2, '2023-02-06'),
	(54, 12, 3, '2023-02-06'),
	(55, 12, 4, '2023-02-06'),
	(56, 12, 5, '2023-02-06'),
	(57, 13, 1, '2001-01-01'),
	(58, 13, 2, '2023-02-07'),
	(59, 13, 3, '2023-02-07'),
	(60, 13, 4, '2023-02-07'),
	(61, 13, 5, '2023-02-07'),
	(62, 14, 1, '2001-01-01'),
	(63, 14, 2, '2023-02-08'),
	(64, 14, 3, '2023-02-08'),
	(65, 14, 4, '2023-02-08'),
	(66, 14, 5, '2023-02-08'),
	(67, 15, 1, '2001-01-01'),
	(68, 15, 2, '2023-02-09'),
	(69, 15, 3, '2023-02-09'),
	(70, 15, 4, '2023-02-09'),
	(71, 15, 5, '2023-02-09'),
	(72, 16, 1, '2001-01-01'),
	(73, 16, 2, '2023-02-10'),
	(74, 16, 3, '2023-02-10'),
	(75, 16, 4, '2023-02-10'),
	(76, 16, 5, '2023-02-10'),
	(77, 17, 1, '2001-01-01'),
	(78, 17, 2, '2023-03-01'),
	(79, 17, 3, '2023-03-01'),
	(80, 17, 4, '2023-03-01'),
	(81, 17, 5, '2023-03-01'),
	(82, 18, 1, '2001-01-01'),
	(83, 18, 2, '2023-03-02'),
	(84, 18, 3, '2023-03-02'),
	(85, 18, 4, '2023-03-02'),
	(86, 18, 5, '2023-03-02'),
	(87, 19, 1, '2001-01-01'),
	(88, 19, 2, '2023-03-03'),
	(89, 19, 3, '2023-03-03'),
	(90, 19, 4, '2023-03-03'),
	(91, 19, 5, '2023-03-03'),
	(92, 20, 1, '2001-01-01'),
	(93, 20, 2, '2023-03-04'),
	(94, 20, 3, '2023-03-04'),
	(95, 20, 4, '2023-03-04'),
	(96, 20, 5, '2023-03-04'),
	(97, 21, 1, '2001-01-01'),
	(98, 22, 1, '2001-01-01'),
	(99, 23, 1, '2001-01-01'),
	(100, 23, 2, '2023-03-05'),
	(101, 23, 3, '2023-03-05'),
	(102, 23, 4, '2023-03-05'),
	(103, 23, 5, '2023-03-05'),
	(104, 24, 1, '2001-01-01'),
	(105, 25, 1, '2001-01-01'),
	(106, 25, 2, '2023-02-11'),
	(107, 25, 3, '2023-02-11'),
	(108, 25, 4, '2023-02-11'),
	(109, 25, 5, '2023-02-11'),
	(110, 26, 1, '2001-01-01'),
	(111, 26, 2, '2023-03-06'),
	(112, 26, 3, '2023-03-06'),
	(113, 26, 4, '2023-03-06'),
	(114, 26, 5, '2023-03-06'),
	(115, 27, 1, '2001-01-01'),
	(116, 27, 2, '2023-03-07'),
	(117, 27, 3, '2023-03-07'),
	(118, 27, 4, '2023-03-07'),
	(119, 27, 5, '2023-03-07'),
	(120, 28, 1, '2001-01-01'),
	(121, 28, 2, '2023-03-08'),
	(122, 28, 3, '2023-03-08'),
	(123, 28, 4, '2023-03-08'),
	(124, 28, 5, '2023-03-08'),
	(125, 29, 1, '2001-01-01'),
	(126, 29, 2, '2023-02-12'),
	(127, 29, 3, '2023-02-12'),
	(128, 29, 4, '2023-02-12'),
	(129, 29, 5, '2023-02-12'),
	(130, 30, 1, '2001-01-01'),
	(131, 30, 2, '2023-03-09'),
	(132, 30, 3, '2023-03-09'),
	(133, 30, 4, '2023-03-09'),
	(134, 30, 5, '2023-03-09'),
	(135, 31, 1, '2001-01-01'),
	(136, 31, 2, '2023-03-10'),
	(137, 31, 3, '2023-03-10'),
	(138, 31, 4, '2023-03-10'),
	(139, 31, 5, '2023-03-10'),
	(143, 33, 1, '2001-01-01'),
	(144, 33, 2, '2023-03-11'),
	(145, 33, 3, '2023-03-11'),
	(146, 33, 4, '2023-03-11'),
	(147, 33, 5, '2023-03-11'),
	(148, 34, 1, '2001-01-01'),
	(149, 34, 2, '2023-02-13'),
	(150, 34, 3, '2023-02-13'),
	(151, 34, 4, '2023-02-13'),
	(152, 34, 5, '2023-02-13'),
	(153, 35, 1, '2001-01-01'),
	(154, 37, 1, '2001-01-01'),
	(155, 37, 2, '2023-02-01'),
	(156, 37, 3, '2023-02-01'),
	(157, 37, 4, '2023-02-01'),
	(158, 38, 1, '2001-01-01'),
	(159, 38, 2, '2023-01-30'),
	(160, 38, 3, '2023-01-30'),
	(161, 38, 4, '2023-01-30'),
	(162, 39, 1, '2001-01-01'),
	(163, 39, 2, '2023-03-19'),
	(164, 39, 3, '2023-03-19'),
	(165, 39, 4, '2023-03-19'),
	(166, 39, 5, '2023-03-19'),
	(167, 41, 1, '2001-01-01'),
	(168, 41, 2, '2023-02-14'),
	(169, 41, 3, '2023-02-14'),
	(170, 41, 4, '2023-02-14'),
	(171, 41, 5, '2023-02-14'),
	(172, 42, 1, '2001-01-01'),
	(173, 42, 2, '2023-03-21'),
	(174, 42, 3, '2023-03-21'),
	(175, 42, 4, '2023-03-21'),
	(176, 42, 5, '2023-03-21'),
	(177, 43, 1, '2001-01-01'),
	(178, 43, 2, '2023-01-23'),
	(179, 43, 3, '2023-01-23'),
	(180, 44, 1, '2001-01-01'),
	(181, 45, 1, '2001-01-01'),
	(182, 45, 2, '2023-03-12'),
	(183, 45, 3, '2023-03-12'),
	(184, 45, 4, '2023-03-12'),
	(185, 45, 5, '2023-03-12'),
	(186, 46, 1, '2001-01-01'),
	(187, 46, 2, '2023-03-13'),
	(188, 46, 3, '2023-03-13'),
	(189, 46, 4, '2023-03-13'),
	(190, 46, 5, '2023-03-13'),
	(191, 47, 1, '2001-01-01'),
	(192, 47, 2, '2023-02-15'),
	(193, 47, 3, '2023-02-15'),
	(194, 47, 4, '2023-02-15'),
	(195, 47, 5, '2023-02-15'),
	(196, 48, 1, '2001-01-01'),
	(197, 49, 1, '2001-01-01'),
	(198, 49, 2, '2023-01-16'),
	(199, 49, 3, '2023-01-16'),
	(200, 50, 1, '2001-01-01'),
	(201, 51, 1, '2001-01-01'),
	(202, 51, 2, '2023-02-16'),
	(203, 51, 3, '2023-02-16'),
	(204, 51, 4, '2023-02-16'),
	(205, 51, 5, '2023-02-16'),
	(206, 52, 1, '2001-01-01'),
	(207, 52, 2, '2023-02-17'),
	(208, 52, 3, '2023-02-17'),
	(209, 52, 4, '2023-02-17'),
	(210, 52, 5, '2023-02-17'),
	(211, 53, 1, '2001-01-01'),
	(212, 53, 2, '2023-03-14'),
	(213, 53, 3, '2023-03-14'),
	(214, 53, 4, '2023-03-14'),
	(215, 53, 5, '2023-03-14'),
	(216, 54, 1, '2001-01-01'),
	(217, 54, 2, '2023-03-15'),
	(218, 54, 3, '2023-03-15'),
	(219, 54, 4, '2023-03-15'),
	(220, 54, 5, '2023-03-15'),
	(221, 55, 1, '2001-01-01'),
	(222, 55, 2, '2023-01-17'),
	(223, 55, 3, '2023-01-17'),
	(224, 56, 1, '2001-01-01'),
	(225, 56, 2, '2023-02-18'),
	(226, 56, 3, '2023-02-18'),
	(227, 56, 4, '2023-02-18'),
	(228, 56, 5, '2023-02-18'),
	(229, 57, 1, '2001-01-01'),
	(230, 57, 2, '2023-01-31'),
	(231, 57, 3, '2023-01-31'),
	(232, 57, 4, '2023-01-31'),
	(233, 58, 1, '2001-01-01'),
	(234, 58, 2, '2023-02-26'),
	(235, 58, 3, '2023-02-26'),
	(236, 58, 4, '2023-02-26'),
	(237, 58, 5, '2023-02-26'),
	(238, 59, 1, '2001-01-01'),
	(239, 59, 2, '2023-03-16'),
	(240, 59, 3, '2023-03-16'),
	(241, 59, 4, '2023-03-16'),
	(242, 59, 5, '2023-03-16'),
	(243, 60, 1, '2001-01-01'),
	(244, 62, 1, '2001-01-01'),
	(245, 62, 2, '2023-02-19'),
	(246, 62, 3, '2023-02-19'),
	(247, 62, 4, '2023-02-19'),
	(248, 62, 5, '2023-02-19'),
	(249, 64, 1, '2001-01-01'),
	(250, 64, 2, '2023-01-25'),
	(251, 64, 3, '2023-01-25'),
	(252, 65, 1, '2001-01-01'),
	(253, 65, 2, '2023-03-17'),
	(254, 65, 3, '2023-03-17'),
	(255, 65, 4, '2023-03-17'),
	(256, 65, 5, '2023-03-17'),
	(257, 66, 1, '2001-01-01'),
	(258, 67, 1, '2001-01-01'),
	(259, 68, 1, '2001-01-01'),
	(260, 68, 2, '2023-01-15'),
	(261, 71, 1, '2001-01-01'),
	(262, 72, 1, '2001-01-01'),
	(263, 72, 2, '2023-02-20'),
	(264, 72, 3, '2023-02-20'),
	(265, 72, 4, '2023-02-20'),
	(266, 72, 5, '2023-02-20'),
	(267, 73, 1, '2001-01-01'),
	(268, 73, 2, '2023-01-26'),
	(269, 73, 3, '2023-01-26'),
	(270, 74, 1, '2001-01-01'),
	(271, 74, 2, '2023-01-19'),
	(272, 74, 3, '2023-01-19'),
	(273, 75, 1, '2001-01-01'),
	(274, 75, 2, '2023-02-27'),
	(275, 75, 3, '2023-02-27'),
	(276, 75, 4, '2023-02-27'),
	(277, 75, 5, '2023-02-27'),
	(278, 76, 1, '2001-01-01'),
	(279, 76, 2, '2023-01-20'),
	(280, 76, 3, '2023-01-20'),
	(281, 77, 1, '2001-01-01'),
	(282, 77, 2, '2023-02-21'),
	(283, 77, 3, '2023-02-21'),
	(284, 77, 4, '2023-02-21'),
	(285, 77, 5, '2023-02-21'),
	(286, 78, 1, '2001-01-01'),
	(287, 78, 2, '2023-01-27'),
	(288, 78, 3, '2023-01-27'),
	(289, 79, 1, '2001-01-01'),
	(290, 79, 2, '2023-02-25'),
	(291, 79, 3, '2023-02-25'),
	(292, 79, 4, '2023-02-25'),
	(293, 79, 5, '2023-02-25'),
	(294, 80, 1, '2001-01-01'),
	(295, 80, 2, '2023-01-21'),
	(296, 80, 3, '2023-01-21'),
	(297, 81, 1, '2001-01-01'),
	(298, 82, 1, '2001-01-01'),
	(300, 82, 3, '2023-02-22'),
	(301, 82, 4, '2023-02-22'),
	(302, 82, 5, '2023-02-22'),
	(303, 83, 1, '2001-01-01'),
	(304, 83, 2, '2023-02-23'),
	(305, 83, 3, '2023-02-23'),
	(306, 83, 4, '2023-02-23'),
	(307, 83, 5, '2023-02-23'),
	(308, 84, 1, '2001-01-01'),
	(309, 84, 2, '2023-01-22'),
	(310, 84, 3, '2023-01-22'),
	(311, 85, 1, '2001-01-01'),
	(312, 86, 1, '2001-01-01'),
	(313, 86, 2, '2023-02-24'),
	(314, 86, 3, '2023-02-24'),
	(315, 86, 4, '2023-02-24'),
	(316, 86, 5, '2023-02-24'),
	(317, 57, 5, '2023-01-31'),
	(318, 22, 2, '2024-12-25'),
	(319, 24, 2, '2024-12-25'),
	(320, 35, 2, '2024-12-25'),
	(321, 60, 2, '2024-12-25'),
	(322, 66, 2, '2024-12-25'),
	(323, 67, 2, '2024-12-25'),
	(324, 71, 2, '2024-12-25'),
	(325, 81, 2, '2024-12-25'),
	(326, 5, 5, '2024-12-25'),
	(327, 37, 5, '2024-12-25'),
	(328, 49, 4, '2024-12-25'),
	(329, 68, 3, '2024-12-25'),
	(330, 74, 4, '2024-12-25'),
	(331, 80, 4, '2024-12-25'),
	(332, 84, 4, '2024-12-25'),
	(333, 1, 1, '2001-01-01'),
	(334, 1, 2, '2023-01-01'),
	(335, 1, 3, '2023-01-01'),
	(336, 1, 4, '2023-01-01'),
	(337, 2, 1, '2001-01-01'),
	(338, 2, 2, '2023-01-18'),
	(339, 2, 3, '2023-01-18'),
	(340, 3, 1, '2001-01-01'),
	(341, 3, 2, '2023-02-02'),
	(342, 3, 3, '2023-02-02'),
	(343, 3, 4, '2023-02-02'),
	(344, 3, 5, '2023-02-02'),
	(345, 4, 1, '2001-01-01'),
	(346, 4, 2, '2023-03-20'),
	(347, 4, 3, '2023-03-20'),
	(348, 4, 4, '2023-03-20'),
	(349, 4, 5, '2023-03-20'),
	(350, 5, 1, '2001-01-01'),
	(351, 5, 2, '2023-01-28'),
	(352, 5, 3, '2023-01-28'),
	(353, 5, 4, '2023-01-28'),
	(354, 5, 5, '2024-12-25'),
	(355, 6, 1, '2001-01-01'),
	(356, 6, 2, '2023-02-03'),
	(357, 6, 3, '2023-02-03'),
	(358, 6, 4, '2023-02-03'),
	(359, 6, 5, '2023-02-03'),
	(360, 7, 1, '2001-01-01'),
	(361, 7, 2, '2023-02-04'),
	(362, 7, 3, '2023-02-04'),
	(363, 7, 4, '2023-02-04'),
	(364, 7, 5, '2023-02-04'),
	(365, 8, 1, '2001-01-01'),
	(366, 8, 2, '2023-02-05'),
	(367, 8, 3, '2023-02-05'),
	(368, 8, 4, '2023-02-05'),
	(369, 8, 5, '2023-02-05'),
	(370, 9, 1, '2001-01-01'),
	(371, 9, 2, '2023-01-29'),
	(372, 9, 3, '2023-01-29'),
	(373, 9, 4, '2023-01-29'),
	(374, 10, 1, '2001-01-01'),
	(375, 10, 2, '2023-02-28'),
	(376, 10, 3, '2023-02-28'),
	(377, 10, 4, '2023-02-28'),
	(378, 10, 5, '2023-02-28'),
	(379, 11, 1, '2001-01-01'),
	(380, 11, 2, '2023-03-18'),
	(381, 11, 3, '2023-03-18'),
	(382, 11, 4, '2023-03-18'),
	(383, 11, 5, '2023-03-18'),
	(384, 12, 1, '2001-01-01'),
	(385, 12, 2, '2023-02-06'),
	(386, 12, 3, '2023-02-06'),
	(387, 12, 4, '2023-02-06'),
	(388, 12, 5, '2023-02-06'),
	(389, 13, 1, '2001-01-01'),
	(390, 13, 2, '2023-02-07'),
	(391, 13, 3, '2023-02-07'),
	(392, 13, 4, '2023-02-07'),
	(393, 13, 5, '2023-02-07'),
	(394, 14, 1, '2001-01-01'),
	(395, 14, 2, '2023-02-08'),
	(396, 14, 3, '2023-02-08'),
	(397, 14, 4, '2023-02-08'),
	(398, 14, 5, '2023-02-08'),
	(399, 15, 1, '2001-01-01'),
	(400, 15, 2, '2023-02-09'),
	(401, 15, 3, '2023-02-09'),
	(402, 15, 4, '2023-02-09'),
	(403, 15, 5, '2023-02-09'),
	(404, 16, 1, '2001-01-01'),
	(405, 16, 2, '2023-02-10'),
	(406, 16, 3, '2023-02-10'),
	(407, 16, 4, '2023-02-10'),
	(408, 16, 5, '2023-02-10'),
	(409, 17, 1, '2001-01-01'),
	(410, 17, 2, '2023-03-01'),
	(411, 17, 3, '2023-03-01'),
	(412, 17, 4, '2023-03-01'),
	(413, 17, 5, '2023-03-01'),
	(414, 18, 1, '2001-01-01'),
	(415, 18, 2, '2023-03-02'),
	(416, 18, 3, '2023-03-02'),
	(417, 18, 4, '2023-03-02'),
	(418, 18, 5, '2023-03-02'),
	(419, 19, 1, '2001-01-01'),
	(420, 19, 2, '2023-03-03'),
	(421, 19, 3, '2023-03-03'),
	(422, 19, 4, '2023-03-03'),
	(423, 19, 5, '2023-03-03'),
	(424, 20, 1, '2001-01-01'),
	(425, 20, 2, '2023-03-04'),
	(426, 20, 3, '2023-03-04'),
	(427, 20, 4, '2023-03-04'),
	(428, 20, 5, '2023-03-04'),
	(429, 21, 1, '2001-01-01'),
	(430, 22, 1, '2001-01-01'),
	(431, 22, 2, '2024-12-25'),
	(432, 23, 1, '2001-01-01'),
	(433, 23, 2, '2023-03-05'),
	(434, 23, 3, '2023-03-05'),
	(435, 23, 4, '2023-03-05'),
	(436, 23, 5, '2023-03-05'),
	(437, 24, 1, '2001-01-01'),
	(438, 24, 2, '2024-12-25'),
	(439, 25, 1, '2001-01-01'),
	(440, 25, 2, '2023-02-11'),
	(441, 25, 3, '2023-02-11'),
	(442, 25, 4, '2023-02-11'),
	(443, 25, 5, '2023-02-11'),
	(444, 26, 1, '2001-01-01'),
	(445, 26, 2, '2023-03-06'),
	(446, 26, 3, '2023-03-06'),
	(447, 26, 4, '2023-03-06'),
	(448, 26, 5, '2023-03-06'),
	(449, 27, 1, '2001-01-01'),
	(450, 27, 2, '2023-03-07'),
	(451, 27, 3, '2023-03-07'),
	(452, 27, 4, '2023-03-07'),
	(453, 27, 5, '2023-03-07'),
	(454, 28, 1, '2001-01-01'),
	(455, 28, 2, '2023-03-08'),
	(456, 28, 3, '2023-03-08'),
	(457, 28, 4, '2023-03-08'),
	(458, 28, 5, '2023-03-08'),
	(459, 29, 1, '2001-01-01'),
	(460, 29, 2, '2023-02-12'),
	(461, 29, 3, '2023-02-12'),
	(462, 29, 4, '2023-02-12'),
	(463, 29, 5, '2023-02-12'),
	(464, 30, 1, '2001-01-01'),
	(465, 30, 2, '2023-03-09'),
	(466, 30, 3, '2023-03-09'),
	(467, 30, 4, '2023-03-09'),
	(468, 30, 5, '2023-03-09'),
	(469, 31, 1, '2001-01-01'),
	(470, 31, 2, '2023-03-10'),
	(471, 31, 3, '2023-03-10'),
	(472, 31, 4, '2023-03-10'),
	(473, 31, 5, '2023-03-10'),
	(477, 33, 1, '2001-01-01'),
	(478, 33, 2, '2023-03-11'),
	(479, 33, 3, '2023-03-11'),
	(480, 33, 4, '2023-03-11'),
	(481, 33, 5, '2023-03-11'),
	(482, 34, 1, '2001-01-01'),
	(483, 34, 2, '2023-02-13'),
	(484, 34, 3, '2023-02-13'),
	(485, 34, 4, '2023-02-13'),
	(486, 34, 5, '2023-02-13'),
	(487, 35, 1, '2001-01-01'),
	(488, 35, 2, '2024-12-25'),
	(489, 37, 1, '2001-01-01'),
	(490, 37, 2, '2023-02-01'),
	(491, 37, 3, '2023-02-01'),
	(492, 37, 4, '2023-02-01'),
	(493, 37, 5, '2024-12-25'),
	(494, 38, 1, '2001-01-01'),
	(495, 38, 2, '2023-01-30'),
	(496, 38, 3, '2023-01-30'),
	(497, 38, 4, '2023-01-30'),
	(498, 39, 1, '2001-01-01'),
	(499, 39, 2, '2023-03-19'),
	(500, 39, 3, '2023-03-19'),
	(501, 39, 4, '2023-03-19'),
	(502, 39, 5, '2023-03-19'),
	(503, 41, 1, '2001-01-01'),
	(504, 41, 2, '2023-02-14'),
	(505, 41, 3, '2023-02-14'),
	(506, 41, 4, '2023-02-14'),
	(507, 41, 5, '2023-02-14'),
	(508, 42, 1, '2001-01-01'),
	(509, 42, 2, '2023-03-21'),
	(510, 42, 3, '2023-03-21'),
	(511, 42, 4, '2023-03-21'),
	(512, 42, 5, '2023-03-21'),
	(513, 43, 1, '2001-01-01'),
	(514, 43, 2, '2023-01-23'),
	(515, 43, 3, '2023-01-23'),
	(516, 44, 1, '2001-01-01'),
	(517, 45, 1, '2001-01-01'),
	(518, 45, 2, '2023-03-12'),
	(519, 45, 3, '2023-03-12'),
	(520, 45, 4, '2023-03-12'),
	(521, 45, 5, '2023-03-12'),
	(522, 46, 1, '2001-01-01'),
	(523, 46, 2, '2023-03-13'),
	(524, 46, 3, '2023-03-13'),
	(525, 46, 4, '2023-03-13'),
	(526, 46, 5, '2023-03-13'),
	(527, 47, 1, '2001-01-01'),
	(528, 47, 2, '2023-02-15'),
	(529, 47, 3, '2023-02-15'),
	(530, 47, 4, '2023-02-15'),
	(531, 47, 5, '2023-02-15'),
	(532, 48, 1, '2001-01-01'),
	(533, 49, 1, '2001-01-01'),
	(534, 49, 2, '2023-01-16'),
	(535, 49, 3, '2023-01-16'),
	(536, 49, 4, '2024-12-25'),
	(537, 50, 1, '2001-01-01'),
	(538, 51, 1, '2001-01-01'),
	(539, 51, 2, '2023-02-16'),
	(540, 51, 3, '2023-02-16'),
	(541, 51, 4, '2023-02-16'),
	(542, 51, 5, '2023-02-16'),
	(543, 52, 1, '2001-01-01'),
	(544, 52, 2, '2023-02-17'),
	(545, 52, 3, '2023-02-17'),
	(546, 52, 4, '2023-02-17'),
	(547, 52, 5, '2023-02-17'),
	(548, 53, 1, '2001-01-01'),
	(549, 53, 2, '2023-03-14'),
	(550, 53, 3, '2023-03-14'),
	(551, 53, 4, '2023-03-14'),
	(552, 53, 5, '2023-03-14'),
	(553, 54, 1, '2001-01-01'),
	(554, 54, 2, '2023-03-15'),
	(555, 54, 3, '2023-03-15'),
	(556, 54, 4, '2023-03-15'),
	(557, 54, 5, '2023-03-15'),
	(558, 55, 1, '2001-01-01'),
	(559, 55, 2, '2023-01-17'),
	(560, 55, 3, '2023-01-17'),
	(561, 56, 1, '2001-01-01'),
	(562, 56, 2, '2023-02-18'),
	(563, 56, 3, '2023-02-18'),
	(564, 56, 4, '2023-02-18'),
	(565, 56, 5, '2023-02-18'),
	(566, 57, 1, '2001-01-01'),
	(567, 57, 2, '2023-01-31'),
	(568, 57, 3, '2023-01-31'),
	(569, 57, 4, '2023-01-31'),
	(570, 57, 5, '2023-01-31'),
	(571, 58, 1, '2001-01-01'),
	(572, 58, 2, '2023-02-26'),
	(573, 58, 3, '2023-02-26'),
	(574, 58, 4, '2023-02-26'),
	(575, 58, 5, '2023-02-26'),
	(576, 59, 1, '2001-01-01'),
	(577, 59, 2, '2023-03-16'),
	(578, 59, 3, '2023-03-16'),
	(579, 59, 4, '2023-03-16'),
	(580, 59, 5, '2023-03-16'),
	(581, 60, 1, '2001-01-01'),
	(582, 60, 2, '2024-12-25'),
	(583, 62, 1, '2001-01-01'),
	(584, 62, 2, '2023-02-19'),
	(585, 62, 3, '2023-02-19'),
	(586, 62, 4, '2023-02-19'),
	(587, 62, 5, '2023-02-19'),
	(588, 64, 1, '2001-01-01'),
	(589, 64, 2, '2023-01-25'),
	(590, 64, 3, '2023-01-25'),
	(591, 65, 1, '2001-01-01'),
	(592, 65, 2, '2023-03-17'),
	(593, 65, 3, '2023-03-17'),
	(594, 65, 4, '2023-03-17'),
	(595, 65, 5, '2023-03-17'),
	(596, 66, 1, '2001-01-01'),
	(597, 66, 2, '2024-12-25'),
	(598, 67, 1, '2001-01-01'),
	(599, 67, 2, '2024-12-25'),
	(600, 68, 1, '2001-01-01'),
	(601, 68, 2, '2023-01-15'),
	(602, 68, 3, '2024-12-25'),
	(603, 71, 1, '2001-01-01'),
	(604, 71, 2, '2024-12-25'),
	(605, 72, 1, '2001-01-01'),
	(606, 72, 2, '2023-02-20'),
	(607, 72, 3, '2023-02-20'),
	(608, 72, 4, '2023-02-20'),
	(609, 72, 5, '2023-02-20'),
	(610, 73, 1, '2001-01-01'),
	(611, 73, 2, '2023-01-26'),
	(612, 73, 3, '2023-01-26'),
	(613, 74, 1, '2001-01-01'),
	(614, 74, 2, '2023-01-19'),
	(615, 74, 3, '2023-01-19'),
	(616, 74, 4, '2024-12-25'),
	(617, 75, 1, '2001-01-01'),
	(618, 75, 2, '2023-02-27'),
	(619, 75, 3, '2023-02-27'),
	(620, 75, 4, '2023-02-27'),
	(621, 75, 5, '2023-02-27'),
	(622, 76, 1, '2001-01-01'),
	(623, 76, 2, '2023-01-20'),
	(624, 76, 3, '2023-01-20'),
	(625, 77, 1, '2001-01-01'),
	(626, 77, 2, '2023-02-21'),
	(627, 77, 3, '2023-02-21'),
	(628, 77, 4, '2023-02-21'),
	(629, 77, 5, '2023-02-21'),
	(630, 78, 1, '2001-01-01'),
	(631, 78, 2, '2023-01-27'),
	(632, 78, 3, '2023-01-27'),
	(633, 79, 1, '2001-01-01'),
	(634, 79, 2, '2023-02-25'),
	(635, 79, 3, '2023-02-25'),
	(636, 79, 4, '2023-02-25'),
	(637, 79, 5, '2023-02-25'),
	(638, 80, 1, '2001-01-01'),
	(639, 80, 2, '2023-01-21'),
	(640, 80, 3, '2023-01-21'),
	(641, 80, 4, '2024-12-25'),
	(642, 81, 1, '2001-01-01'),
	(643, 81, 2, '2024-12-25'),
	(644, 82, 1, '2001-01-01'),
	(646, 82, 3, '2023-02-22'),
	(647, 82, 4, '2023-02-22'),
	(648, 82, 5, '2023-02-22'),
	(649, 83, 1, '2001-01-01'),
	(650, 83, 2, '2023-02-23'),
	(651, 83, 3, '2023-02-23'),
	(652, 83, 4, '2023-02-23'),
	(653, 83, 5, '2023-02-23'),
	(654, 84, 1, '2001-01-01'),
	(655, 84, 2, '2023-01-22'),
	(656, 84, 3, '2023-01-22'),
	(657, 84, 4, '2024-12-25'),
	(658, 85, 1, '2001-01-01'),
	(659, 86, 1, '2001-01-01'),
	(660, 86, 2, '2023-02-24'),
	(661, 86, 3, '2023-02-24'),
	(662, 86, 4, '2023-02-24'),
	(663, 1, 1, '2001-01-01'),
	(664, 1, 2, '2023-01-01'),
	(665, 1, 3, '2023-01-01'),
	(666, 1, 4, '2023-01-01'),
	(668, 2, 1, '2001-01-01'),
	(669, 2, 2, '2023-01-18'),
	(670, 2, 3, '2023-01-18'),
	(671, 3, 1, '2001-01-01'),
	(672, 3, 2, '2023-02-02'),
	(673, 3, 3, '2023-02-02'),
	(674, 3, 4, '2023-02-02'),
	(675, 3, 5, '2023-02-02'),
	(676, 4, 1, '2001-01-01'),
	(677, 4, 2, '2023-03-20'),
	(678, 4, 3, '2023-03-20'),
	(679, 4, 4, '2023-03-20'),
	(680, 4, 5, '2023-03-20'),
	(681, 5, 1, '2001-01-01'),
	(682, 5, 2, '2023-01-28'),
	(683, 5, 3, '2023-01-28'),
	(684, 5, 4, '2023-01-28'),
	(685, 5, 5, '2024-12-25'),
	(686, 6, 1, '2001-01-01'),
	(687, 6, 2, '2023-02-03'),
	(688, 6, 3, '2023-02-03'),
	(689, 6, 4, '2023-02-03'),
	(690, 6, 5, '2023-02-03'),
	(691, 7, 1, '2001-01-01'),
	(692, 7, 2, '2023-02-04'),
	(693, 7, 3, '2023-02-04'),
	(694, 7, 4, '2023-02-04'),
	(695, 7, 5, '2023-02-04'),
	(696, 8, 1, '2001-01-01'),
	(697, 8, 2, '2023-02-05'),
	(698, 8, 3, '2023-02-05'),
	(699, 8, 4, '2023-02-05'),
	(700, 8, 5, '2023-02-05'),
	(701, 9, 1, '2001-01-01'),
	(702, 9, 2, '2023-01-29'),
	(703, 9, 3, '2023-01-29'),
	(704, 9, 4, '2023-01-29'),
	(705, 10, 1, '2001-01-01'),
	(706, 10, 2, '2023-02-28'),
	(707, 10, 3, '2023-02-28'),
	(708, 10, 4, '2023-02-28'),
	(709, 10, 5, '2023-02-28'),
	(710, 11, 1, '2001-01-01'),
	(711, 11, 2, '2023-03-18'),
	(712, 11, 3, '2023-03-18'),
	(713, 11, 4, '2023-03-18'),
	(714, 11, 5, '2023-03-18'),
	(715, 12, 1, '2001-01-01'),
	(716, 12, 2, '2023-02-06'),
	(717, 12, 3, '2023-02-06'),
	(718, 12, 4, '2023-02-06'),
	(719, 12, 5, '2023-02-06'),
	(720, 13, 1, '2001-01-01'),
	(721, 13, 2, '2023-02-07'),
	(722, 13, 3, '2023-02-07'),
	(723, 13, 4, '2023-02-07'),
	(724, 13, 5, '2023-02-07'),
	(725, 14, 1, '2001-01-01'),
	(726, 14, 2, '2023-02-08'),
	(727, 14, 3, '2023-02-08'),
	(728, 14, 4, '2023-02-08'),
	(729, 14, 5, '2023-02-08'),
	(730, 15, 1, '2001-01-01'),
	(731, 15, 2, '2023-02-09'),
	(732, 15, 3, '2023-02-09'),
	(733, 15, 4, '2023-02-09'),
	(734, 15, 5, '2023-02-09'),
	(735, 16, 1, '2001-01-01'),
	(736, 16, 2, '2023-02-10'),
	(737, 16, 3, '2023-02-10'),
	(738, 16, 4, '2023-02-10'),
	(739, 16, 5, '2023-02-10'),
	(740, 17, 1, '2001-01-01'),
	(741, 17, 2, '2023-03-01'),
	(742, 17, 3, '2023-03-01'),
	(743, 17, 4, '2023-03-01'),
	(744, 17, 5, '2023-03-01'),
	(745, 18, 1, '2001-01-01'),
	(746, 18, 2, '2023-03-02'),
	(747, 18, 3, '2023-03-02'),
	(748, 18, 4, '2023-03-02'),
	(749, 18, 5, '2023-03-02'),
	(750, 19, 1, '2001-01-01'),
	(751, 19, 2, '2023-03-03'),
	(752, 19, 3, '2023-03-03'),
	(753, 19, 4, '2023-03-03'),
	(754, 19, 5, '2023-03-03'),
	(755, 20, 1, '2001-01-01'),
	(756, 20, 2, '2023-03-04'),
	(757, 20, 3, '2023-03-04'),
	(758, 20, 4, '2023-03-04'),
	(759, 20, 5, '2023-03-04'),
	(760, 21, 1, '2001-01-01'),
	(761, 22, 1, '2001-01-01'),
	(762, 22, 2, '2024-12-25'),
	(763, 23, 1, '2001-01-01'),
	(764, 23, 2, '2023-03-05'),
	(765, 23, 3, '2023-03-05'),
	(766, 23, 4, '2023-03-05'),
	(767, 23, 5, '2023-03-05'),
	(768, 24, 1, '2001-01-01'),
	(769, 24, 2, '2024-12-25'),
	(770, 25, 1, '2001-01-01'),
	(771, 25, 2, '2023-02-11'),
	(772, 25, 3, '2023-02-11'),
	(773, 25, 4, '2023-02-11'),
	(774, 25, 5, '2023-02-11'),
	(775, 26, 1, '2001-01-01'),
	(776, 26, 2, '2023-03-06'),
	(777, 26, 3, '2023-03-06'),
	(778, 26, 4, '2023-03-06'),
	(779, 26, 5, '2023-03-06'),
	(780, 27, 1, '2001-01-01'),
	(781, 27, 2, '2023-03-07'),
	(782, 27, 3, '2023-03-07'),
	(783, 27, 4, '2023-03-07'),
	(784, 27, 5, '2023-03-07'),
	(785, 28, 1, '2001-01-01'),
	(786, 28, 2, '2023-03-08'),
	(787, 28, 3, '2023-03-08'),
	(788, 28, 4, '2023-03-08'),
	(789, 28, 5, '2023-03-08'),
	(790, 29, 1, '2001-01-01'),
	(791, 29, 2, '2023-02-12'),
	(792, 29, 3, '2023-02-12'),
	(793, 29, 4, '2023-02-12'),
	(794, 29, 5, '2023-02-12'),
	(795, 30, 1, '2001-01-01'),
	(796, 30, 2, '2023-03-09'),
	(797, 30, 3, '2023-03-09'),
	(798, 30, 4, '2023-03-09'),
	(799, 30, 5, '2023-03-09'),
	(800, 31, 1, '2001-01-01'),
	(801, 31, 2, '2023-03-10'),
	(802, 31, 3, '2023-03-10'),
	(803, 31, 4, '2023-03-10'),
	(804, 31, 5, '2023-03-10'),
	(808, 33, 1, '2001-01-01'),
	(809, 33, 2, '2023-03-11'),
	(810, 33, 3, '2023-03-11'),
	(811, 33, 4, '2023-03-11'),
	(812, 33, 5, '2023-03-11'),
	(813, 34, 1, '2001-01-01'),
	(814, 34, 2, '2023-02-13'),
	(815, 34, 3, '2023-02-13'),
	(816, 34, 4, '2023-02-13'),
	(817, 34, 5, '2023-02-13'),
	(818, 35, 1, '2001-01-01'),
	(819, 35, 2, '2024-12-25'),
	(820, 37, 1, '2001-01-01'),
	(821, 37, 2, '2023-02-01'),
	(822, 37, 3, '2023-02-01'),
	(823, 37, 4, '2023-02-01'),
	(824, 37, 5, '2024-12-25'),
	(825, 38, 1, '2001-01-01'),
	(826, 38, 2, '2023-01-30'),
	(827, 38, 3, '2023-01-30'),
	(828, 38, 4, '2023-01-30'),
	(829, 39, 1, '2001-01-01'),
	(830, 39, 2, '2023-03-19'),
	(831, 39, 3, '2023-03-19'),
	(832, 39, 4, '2023-03-19'),
	(833, 39, 5, '2023-03-19'),
	(834, 41, 1, '2001-01-01'),
	(835, 41, 2, '2023-02-14'),
	(836, 41, 3, '2023-02-14'),
	(837, 41, 4, '2023-02-14'),
	(838, 41, 5, '2023-02-14'),
	(839, 42, 1, '2001-01-01'),
	(840, 42, 2, '2023-03-21'),
	(841, 42, 3, '2023-03-21'),
	(842, 42, 4, '2023-03-21'),
	(843, 42, 5, '2023-03-21'),
	(844, 43, 1, '2001-01-01'),
	(845, 43, 2, '2023-01-23'),
	(846, 43, 3, '2023-01-23'),
	(847, 44, 1, '2001-01-01'),
	(848, 45, 1, '2001-01-01'),
	(849, 45, 2, '2023-03-12'),
	(850, 45, 3, '2023-03-12'),
	(851, 45, 4, '2023-03-12'),
	(852, 45, 5, '2023-03-12'),
	(853, 46, 1, '2001-01-01'),
	(854, 46, 2, '2023-03-13'),
	(855, 46, 3, '2023-03-13'),
	(856, 46, 4, '2023-03-13'),
	(857, 46, 5, '2023-03-13'),
	(858, 47, 1, '2001-01-01'),
	(859, 47, 2, '2023-02-15'),
	(860, 47, 3, '2023-02-15'),
	(861, 47, 4, '2023-02-15'),
	(862, 47, 5, '2023-02-15'),
	(863, 48, 1, '2001-01-01'),
	(864, 49, 1, '2001-01-01'),
	(865, 49, 2, '2023-01-16'),
	(866, 49, 3, '2023-01-16'),
	(867, 49, 4, '2024-12-25'),
	(868, 50, 1, '2001-01-01'),
	(869, 51, 1, '2001-01-01'),
	(870, 51, 2, '2023-02-16'),
	(871, 51, 3, '2023-02-16'),
	(872, 51, 4, '2023-02-16'),
	(873, 51, 5, '2023-02-16'),
	(874, 52, 1, '2001-01-01'),
	(875, 52, 2, '2023-02-17'),
	(876, 52, 3, '2023-02-17'),
	(877, 52, 4, '2023-02-17'),
	(878, 52, 5, '2023-02-17'),
	(879, 53, 1, '2001-01-01'),
	(880, 53, 2, '2023-03-14'),
	(881, 53, 3, '2023-03-14'),
	(882, 53, 4, '2023-03-14'),
	(883, 53, 5, '2023-03-14'),
	(884, 54, 1, '2001-01-01'),
	(885, 54, 2, '2023-03-15'),
	(886, 54, 3, '2023-03-15'),
	(887, 54, 4, '2023-03-15'),
	(888, 54, 5, '2023-03-15'),
	(889, 55, 1, '2001-01-01'),
	(890, 55, 2, '2023-01-17'),
	(891, 55, 3, '2023-01-17'),
	(892, 56, 1, '2001-01-01'),
	(893, 56, 2, '2023-02-18'),
	(894, 56, 3, '2023-02-18'),
	(895, 56, 4, '2023-02-18'),
	(896, 56, 5, '2023-02-18'),
	(897, 57, 1, '2001-01-01'),
	(898, 57, 2, '2023-01-31'),
	(899, 57, 3, '2023-01-31'),
	(900, 57, 4, '2023-01-31'),
	(901, 57, 5, '2023-01-31'),
	(902, 58, 1, '2001-01-01'),
	(903, 58, 2, '2023-02-26'),
	(904, 58, 3, '2023-02-26'),
	(905, 58, 4, '2023-02-26'),
	(906, 58, 5, '2023-02-26'),
	(907, 59, 1, '2001-01-01'),
	(908, 59, 2, '2023-03-16'),
	(909, 59, 3, '2023-03-16'),
	(910, 59, 4, '2023-03-16'),
	(911, 59, 5, '2023-03-16'),
	(912, 60, 1, '2001-01-01'),
	(913, 60, 2, '2024-12-25'),
	(914, 62, 1, '2001-01-01'),
	(915, 62, 2, '2023-02-19'),
	(916, 62, 3, '2023-02-19'),
	(917, 62, 4, '2023-02-19'),
	(918, 62, 5, '2023-02-19'),
	(919, 64, 1, '2001-01-01'),
	(920, 64, 2, '2023-01-25'),
	(921, 64, 3, '2023-01-25'),
	(922, 65, 1, '2001-01-01'),
	(923, 65, 2, '2023-03-17'),
	(924, 65, 3, '2023-03-17'),
	(925, 65, 4, '2023-03-17'),
	(926, 65, 5, '2023-03-17'),
	(927, 66, 1, '2001-01-01'),
	(928, 66, 2, '2024-12-25'),
	(929, 67, 1, '2001-01-01'),
	(930, 67, 2, '2024-12-25'),
	(931, 68, 1, '2001-01-01'),
	(932, 68, 2, '2023-01-15'),
	(933, 68, 3, '2024-12-25'),
	(934, 71, 1, '2001-01-01'),
	(935, 71, 2, '2024-12-25'),
	(936, 72, 1, '2001-01-01'),
	(937, 72, 2, '2023-02-20'),
	(938, 72, 3, '2023-02-20'),
	(939, 72, 4, '2023-02-20'),
	(940, 72, 5, '2023-02-20'),
	(941, 73, 1, '2001-01-01'),
	(942, 73, 2, '2023-01-26'),
	(943, 73, 3, '2023-01-26'),
	(944, 74, 1, '2001-01-01'),
	(945, 74, 2, '2023-01-19'),
	(946, 74, 3, '2023-01-19'),
	(947, 74, 4, '2024-12-25'),
	(948, 75, 1, '2001-01-01'),
	(949, 75, 2, '2023-02-27'),
	(950, 75, 3, '2023-02-27'),
	(951, 75, 4, '2023-02-27'),
	(952, 75, 5, '2023-02-27'),
	(953, 76, 1, '2001-01-01'),
	(954, 76, 2, '2023-01-20'),
	(955, 76, 3, '2023-01-20'),
	(956, 77, 1, '2001-01-01'),
	(957, 77, 2, '2023-02-21'),
	(958, 77, 3, '2023-02-21'),
	(959, 77, 4, '2023-02-21'),
	(960, 77, 5, '2023-02-21'),
	(961, 78, 1, '2001-01-01'),
	(962, 78, 2, '2023-01-27'),
	(963, 78, 3, '2023-01-27'),
	(964, 79, 1, '2001-01-01'),
	(965, 79, 2, '2023-02-25'),
	(966, 79, 3, '2023-02-25'),
	(967, 79, 4, '2023-02-25'),
	(968, 79, 5, '2023-02-25'),
	(969, 80, 1, '2001-01-01'),
	(970, 80, 2, '2023-01-21'),
	(971, 80, 3, '2023-01-21'),
	(972, 80, 4, '2024-12-25'),
	(973, 81, 1, '2001-01-01'),
	(974, 81, 2, '2024-12-25'),
	(975, 82, 1, '2001-01-01'),
	(977, 82, 3, '2023-02-22'),
	(978, 82, 4, '2023-02-22'),
	(979, 82, 5, '2023-02-22'),
	(980, 83, 1, '2001-01-01'),
	(981, 83, 2, '2023-02-23'),
	(982, 83, 3, '2023-02-23'),
	(983, 83, 4, '2023-02-23'),
	(984, 83, 5, '2023-02-23'),
	(985, 84, 1, '2001-01-01'),
	(986, 84, 2, '2023-01-22'),
	(987, 84, 3, '2023-01-22'),
	(988, 84, 4, '2024-12-25'),
	(989, 85, 1, '2001-01-01'),
	(990, 86, 1, '2001-01-01'),
	(991, 86, 2, '2023-02-24'),
	(992, 86, 3, '2023-02-24'),
	(993, 86, 4, '2023-02-24'),
	(994, 1, 1, '2001-01-01'),
	(995, 1, 2, '2023-01-01'),
	(996, 1, 3, '2023-01-01'),
	(997, 1, 4, '2023-01-01'),
	(999, 2, 1, '2001-01-01'),
	(1000, 2, 2, '2023-01-18'),
	(1001, 2, 3, '2023-01-18'),
	(1002, 3, 1, '2001-01-01'),
	(1003, 3, 2, '2023-02-02'),
	(1004, 3, 3, '2023-02-02'),
	(1005, 3, 4, '2023-02-02'),
	(1006, 3, 5, '2023-02-02'),
	(1007, 4, 1, '2001-01-01'),
	(1008, 4, 2, '2023-03-20'),
	(1009, 4, 3, '2023-03-20'),
	(1010, 4, 4, '2023-03-20'),
	(1011, 4, 5, '2023-03-20'),
	(1012, 5, 1, '2001-01-01'),
	(1013, 5, 2, '2023-01-28'),
	(1014, 5, 3, '2023-01-28'),
	(1015, 5, 4, '2023-01-28'),
	(1016, 5, 5, '2024-12-25'),
	(1017, 6, 1, '2001-01-01'),
	(1018, 6, 2, '2023-02-03'),
	(1019, 6, 3, '2023-02-03'),
	(1020, 6, 4, '2023-02-03'),
	(1021, 6, 5, '2023-02-03'),
	(1022, 7, 1, '2001-01-01'),
	(1023, 7, 2, '2023-02-04'),
	(1024, 7, 3, '2023-02-04'),
	(1025, 7, 4, '2023-02-04'),
	(1026, 7, 5, '2023-02-04'),
	(1027, 8, 1, '2001-01-01'),
	(1028, 8, 2, '2023-02-05'),
	(1029, 8, 3, '2023-02-05'),
	(1030, 8, 4, '2023-02-05'),
	(1031, 8, 5, '2023-02-05'),
	(1032, 9, 1, '2001-01-01'),
	(1033, 9, 2, '2023-01-29'),
	(1034, 9, 3, '2023-01-29'),
	(1035, 9, 4, '2023-01-29'),
	(1036, 10, 1, '2001-01-01'),
	(1037, 10, 2, '2023-02-28'),
	(1038, 10, 3, '2023-02-28'),
	(1039, 10, 4, '2023-02-28'),
	(1040, 10, 5, '2023-02-28'),
	(1041, 11, 1, '2001-01-01'),
	(1042, 11, 2, '2023-03-18'),
	(1043, 11, 3, '2023-03-18'),
	(1044, 11, 4, '2023-03-18'),
	(1045, 11, 5, '2023-03-18'),
	(1046, 12, 1, '2001-01-01'),
	(1047, 12, 2, '2023-02-06'),
	(1048, 12, 3, '2023-02-06'),
	(1049, 12, 4, '2023-02-06'),
	(1050, 12, 5, '2023-02-06'),
	(1051, 13, 1, '2001-01-01'),
	(1052, 13, 2, '2023-02-07'),
	(1053, 13, 3, '2023-02-07'),
	(1054, 13, 4, '2023-02-07'),
	(1055, 13, 5, '2023-02-07'),
	(1056, 14, 1, '2001-01-01'),
	(1057, 14, 2, '2023-02-08'),
	(1058, 14, 3, '2023-02-08'),
	(1059, 14, 4, '2023-02-08'),
	(1060, 14, 5, '2023-02-08'),
	(1061, 15, 1, '2001-01-01'),
	(1062, 15, 2, '2023-02-09'),
	(1063, 15, 3, '2023-02-09'),
	(1064, 15, 4, '2023-02-09'),
	(1065, 15, 5, '2023-02-09'),
	(1066, 16, 1, '2001-01-01'),
	(1067, 16, 2, '2023-02-10'),
	(1068, 16, 3, '2023-02-10'),
	(1069, 16, 4, '2023-02-10'),
	(1070, 16, 5, '2023-02-10'),
	(1071, 17, 1, '2001-01-01'),
	(1072, 17, 2, '2023-03-01'),
	(1073, 17, 3, '2023-03-01'),
	(1074, 17, 4, '2023-03-01'),
	(1075, 17, 5, '2023-03-01'),
	(1076, 18, 1, '2001-01-01'),
	(1077, 18, 2, '2023-03-02'),
	(1078, 18, 3, '2023-03-02'),
	(1079, 18, 4, '2023-03-02'),
	(1080, 18, 5, '2023-03-02'),
	(1081, 19, 1, '2001-01-01'),
	(1082, 19, 2, '2023-03-03'),
	(1083, 19, 3, '2023-03-03'),
	(1084, 19, 4, '2023-03-03'),
	(1085, 19, 5, '2023-03-03'),
	(1086, 20, 1, '2001-01-01'),
	(1087, 20, 2, '2023-03-04'),
	(1088, 20, 3, '2023-03-04'),
	(1089, 20, 4, '2023-03-04'),
	(1090, 20, 5, '2023-03-04'),
	(1091, 21, 1, '2001-01-01'),
	(1092, 22, 1, '2001-01-01'),
	(1093, 22, 2, '2024-12-25'),
	(1094, 23, 1, '2001-01-01'),
	(1095, 23, 2, '2023-03-05'),
	(1096, 23, 3, '2023-03-05'),
	(1097, 23, 4, '2023-03-05'),
	(1098, 23, 5, '2023-03-05'),
	(1099, 24, 1, '2001-01-01'),
	(1100, 24, 2, '2024-12-25'),
	(1101, 25, 1, '2001-01-01'),
	(1102, 25, 2, '2023-02-11'),
	(1103, 25, 3, '2023-02-11'),
	(1104, 25, 4, '2023-02-11'),
	(1105, 25, 5, '2023-02-11'),
	(1106, 26, 1, '2001-01-01'),
	(1107, 26, 2, '2023-03-06'),
	(1108, 26, 3, '2023-03-06'),
	(1109, 26, 4, '2023-03-06'),
	(1110, 26, 5, '2023-03-06'),
	(1111, 27, 1, '2001-01-01'),
	(1112, 27, 2, '2023-03-07'),
	(1113, 27, 3, '2023-03-07'),
	(1114, 27, 4, '2023-03-07'),
	(1115, 27, 5, '2023-03-07'),
	(1116, 28, 1, '2001-01-01'),
	(1117, 28, 2, '2023-03-08'),
	(1118, 28, 3, '2023-03-08'),
	(1119, 28, 4, '2023-03-08'),
	(1120, 28, 5, '2023-03-08'),
	(1121, 29, 1, '2001-01-01'),
	(1122, 29, 2, '2023-02-12'),
	(1123, 29, 3, '2023-02-12'),
	(1124, 29, 4, '2023-02-12'),
	(1125, 29, 5, '2023-02-12'),
	(1126, 30, 1, '2001-01-01'),
	(1127, 30, 2, '2023-03-09'),
	(1128, 30, 3, '2023-03-09'),
	(1129, 30, 4, '2023-03-09'),
	(1130, 30, 5, '2023-03-09'),
	(1131, 31, 1, '2001-01-01'),
	(1132, 31, 2, '2023-03-10'),
	(1133, 31, 3, '2023-03-10'),
	(1134, 31, 4, '2023-03-10'),
	(1135, 31, 5, '2023-03-10'),
	(1139, 33, 1, '2001-01-01'),
	(1140, 33, 2, '2023-03-11'),
	(1141, 33, 3, '2023-03-11'),
	(1142, 33, 4, '2023-03-11'),
	(1143, 33, 5, '2023-03-11'),
	(1144, 34, 1, '2001-01-01'),
	(1145, 34, 2, '2023-02-13'),
	(1146, 34, 3, '2023-02-13'),
	(1147, 34, 4, '2023-02-13'),
	(1148, 34, 5, '2023-02-13'),
	(1149, 35, 1, '2001-01-01'),
	(1150, 35, 2, '2024-12-25'),
	(1151, 37, 1, '2001-01-01'),
	(1152, 37, 2, '2023-02-01'),
	(1153, 37, 3, '2023-02-01'),
	(1154, 37, 4, '2023-02-01'),
	(1155, 37, 5, '2024-12-25'),
	(1156, 38, 1, '2001-01-01'),
	(1157, 38, 2, '2023-01-30'),
	(1158, 38, 3, '2023-01-30'),
	(1159, 38, 4, '2023-01-30'),
	(1160, 39, 1, '2001-01-01'),
	(1161, 39, 2, '2023-03-19'),
	(1162, 39, 3, '2023-03-19'),
	(1163, 39, 4, '2023-03-19'),
	(1164, 39, 5, '2023-03-19'),
	(1165, 41, 1, '2001-01-01'),
	(1166, 41, 2, '2023-02-14'),
	(1167, 41, 3, '2023-02-14'),
	(1168, 41, 4, '2023-02-14'),
	(1169, 41, 5, '2023-02-14'),
	(1170, 42, 1, '2001-01-01'),
	(1171, 42, 2, '2023-03-21'),
	(1172, 42, 3, '2023-03-21'),
	(1173, 42, 4, '2023-03-21'),
	(1174, 42, 5, '2023-03-21'),
	(1175, 43, 1, '2001-01-01'),
	(1176, 43, 2, '2023-01-23'),
	(1177, 43, 3, '2023-01-23'),
	(1178, 44, 1, '2001-01-01'),
	(1179, 45, 1, '2001-01-01'),
	(1180, 45, 2, '2023-03-12'),
	(1181, 45, 3, '2023-03-12'),
	(1182, 45, 4, '2023-03-12'),
	(1183, 45, 5, '2023-03-12'),
	(1184, 46, 1, '2001-01-01'),
	(1185, 46, 2, '2023-03-13'),
	(1186, 46, 3, '2023-03-13'),
	(1187, 46, 4, '2023-03-13'),
	(1188, 46, 5, '2023-03-13'),
	(1189, 47, 1, '2001-01-01'),
	(1190, 47, 2, '2023-02-15'),
	(1191, 47, 3, '2023-02-15'),
	(1192, 47, 4, '2023-02-15'),
	(1193, 47, 5, '2023-02-15'),
	(1194, 48, 1, '2001-01-01'),
	(1195, 49, 1, '2001-01-01'),
	(1196, 49, 2, '2023-01-16'),
	(1197, 49, 3, '2023-01-16'),
	(1198, 49, 4, '2024-12-25'),
	(1199, 50, 1, '2001-01-01'),
	(1200, 51, 1, '2001-01-01'),
	(1201, 51, 2, '2023-02-16'),
	(1202, 51, 3, '2023-02-16'),
	(1203, 51, 4, '2023-02-16'),
	(1204, 51, 5, '2023-02-16'),
	(1205, 52, 1, '2001-01-01'),
	(1206, 52, 2, '2023-02-17'),
	(1207, 52, 3, '2023-02-17'),
	(1208, 52, 4, '2023-02-17'),
	(1209, 52, 5, '2023-02-17'),
	(1210, 53, 1, '2001-01-01'),
	(1211, 53, 2, '2023-03-14'),
	(1212, 53, 3, '2023-03-14'),
	(1213, 53, 4, '2023-03-14'),
	(1214, 53, 5, '2023-03-14'),
	(1215, 54, 1, '2001-01-01'),
	(1216, 54, 2, '2023-03-15'),
	(1217, 54, 3, '2023-03-15'),
	(1218, 54, 4, '2023-03-15'),
	(1219, 54, 5, '2023-03-15'),
	(1220, 55, 1, '2001-01-01'),
	(1221, 55, 2, '2023-01-17'),
	(1222, 55, 3, '2023-01-17'),
	(1223, 56, 1, '2001-01-01'),
	(1224, 56, 2, '2023-02-18'),
	(1225, 56, 3, '2023-02-18'),
	(1226, 56, 4, '2023-02-18'),
	(1227, 56, 5, '2023-02-18'),
	(1228, 57, 1, '2001-01-01'),
	(1229, 57, 2, '2023-01-31'),
	(1230, 57, 3, '2023-01-31'),
	(1231, 57, 4, '2023-01-31'),
	(1232, 57, 5, '2023-01-31'),
	(1233, 58, 1, '2001-01-01'),
	(1234, 58, 2, '2023-02-26'),
	(1235, 58, 3, '2023-02-26'),
	(1236, 58, 4, '2023-02-26'),
	(1237, 58, 5, '2023-02-26'),
	(1238, 59, 1, '2001-01-01'),
	(1239, 59, 2, '2023-03-16'),
	(1240, 59, 3, '2023-03-16'),
	(1241, 59, 4, '2023-03-16'),
	(1242, 59, 5, '2023-03-16'),
	(1243, 60, 1, '2001-01-01'),
	(1244, 60, 2, '2024-12-25'),
	(1245, 62, 1, '2001-01-01'),
	(1246, 62, 2, '2023-02-19'),
	(1247, 62, 3, '2023-02-19'),
	(1248, 62, 4, '2023-02-19'),
	(1249, 62, 5, '2023-02-19'),
	(1250, 64, 1, '2001-01-01'),
	(1251, 64, 2, '2023-01-25'),
	(1252, 64, 3, '2023-01-25'),
	(1253, 65, 1, '2001-01-01'),
	(1254, 65, 2, '2023-03-17'),
	(1255, 65, 3, '2023-03-17'),
	(1256, 65, 4, '2023-03-17'),
	(1257, 65, 5, '2023-03-17'),
	(1258, 66, 1, '2001-01-01'),
	(1259, 66, 2, '2024-12-25'),
	(1260, 67, 1, '2001-01-01'),
	(1261, 67, 2, '2024-12-25'),
	(1262, 68, 1, '2001-01-01'),
	(1263, 68, 2, '2023-01-15'),
	(1264, 68, 3, '2024-12-25'),
	(1265, 71, 1, '2001-01-01'),
	(1266, 71, 2, '2024-12-25'),
	(1267, 72, 1, '2001-01-01'),
	(1268, 72, 2, '2023-02-20'),
	(1269, 72, 3, '2023-02-20'),
	(1270, 72, 4, '2023-02-20'),
	(1271, 72, 5, '2023-02-20'),
	(1272, 73, 1, '2001-01-01'),
	(1273, 73, 2, '2023-01-26'),
	(1274, 73, 3, '2023-01-26'),
	(1275, 74, 1, '2001-01-01'),
	(1276, 74, 2, '2023-01-19'),
	(1277, 74, 3, '2023-01-19'),
	(1278, 74, 4, '2024-12-25'),
	(1279, 75, 1, '2001-01-01'),
	(1280, 75, 2, '2023-02-27'),
	(1281, 75, 3, '2023-02-27'),
	(1282, 75, 4, '2023-02-27'),
	(1283, 75, 5, '2023-02-27'),
	(1284, 76, 1, '2001-01-01'),
	(1285, 76, 2, '2023-01-20'),
	(1286, 76, 3, '2023-01-20'),
	(1287, 77, 1, '2001-01-01'),
	(1288, 77, 2, '2023-02-21'),
	(1289, 77, 3, '2023-02-21'),
	(1290, 77, 4, '2023-02-21'),
	(1291, 77, 5, '2023-02-21'),
	(1292, 78, 1, '2001-01-01'),
	(1293, 78, 2, '2023-01-27'),
	(1294, 78, 3, '2023-01-27'),
	(1295, 79, 1, '2001-01-01'),
	(1296, 79, 2, '2023-02-25'),
	(1297, 79, 3, '2023-02-25'),
	(1298, 79, 4, '2023-02-25'),
	(1299, 79, 5, '2023-02-25'),
	(1300, 80, 1, '2001-01-01'),
	(1301, 80, 2, '2023-01-21'),
	(1302, 80, 3, '2023-01-21'),
	(1303, 80, 4, '2024-12-25'),
	(1304, 81, 1, '2001-01-01'),
	(1305, 81, 2, '2024-12-25'),
	(1306, 82, 1, '2001-01-01'),
	(1308, 82, 3, '2023-02-22'),
	(1309, 82, 4, '2023-02-22'),
	(1310, 82, 5, '2023-02-22'),
	(1311, 83, 1, '2001-01-01'),
	(1312, 83, 2, '2023-02-23'),
	(1313, 83, 3, '2023-02-23'),
	(1314, 83, 4, '2023-02-23'),
	(1315, 83, 5, '2023-02-23'),
	(1316, 84, 1, '2001-01-01'),
	(1317, 84, 2, '2023-01-22'),
	(1318, 84, 3, '2023-01-22'),
	(1319, 84, 4, '2024-12-25'),
	(1320, 84, 5, '2024-12-26'),
	(1321, 85, 1, '2001-01-01'),
	(1322, 86, 1, '2001-01-01'),
	(1323, 86, 2, '2023-02-24'),
	(1324, 86, 3, '2023-02-24'),
	(1325, 86, 4, '2023-02-24'),
	(1326, 86, 5, '2023-02-24'),
	(1327, 1, 1, '2001-01-01'),
	(1328, 1, 2, '2023-01-01'),
	(1329, 1, 3, '2023-01-01'),
	(1330, 1, 4, '2023-01-01'),
	(1332, 2, 1, '2001-01-01'),
	(1333, 2, 2, '2023-01-18'),
	(1334, 2, 3, '2023-01-18'),
	(1335, 3, 1, '2001-01-01'),
	(1336, 3, 2, '2023-02-02'),
	(1337, 3, 3, '2023-02-02'),
	(1338, 3, 4, '2023-02-02'),
	(1339, 3, 5, '2023-02-02'),
	(1340, 4, 1, '2001-01-01'),
	(1341, 4, 2, '2023-03-20'),
	(1342, 4, 3, '2023-03-20'),
	(1343, 4, 4, '2023-03-20'),
	(1344, 4, 5, '2023-03-20'),
	(1345, 5, 1, '2001-01-01'),
	(1346, 5, 2, '2023-01-28'),
	(1347, 5, 3, '2023-01-28'),
	(1348, 5, 4, '2023-01-28'),
	(1349, 5, 5, '2024-12-25'),
	(1350, 6, 1, '2001-01-01'),
	(1351, 6, 2, '2023-02-03'),
	(1352, 6, 3, '2023-02-03'),
	(1353, 6, 4, '2023-02-03'),
	(1354, 6, 5, '2023-02-03'),
	(1355, 7, 1, '2001-01-01'),
	(1356, 7, 2, '2023-02-04'),
	(1357, 7, 3, '2023-02-04'),
	(1358, 7, 4, '2023-02-04'),
	(1359, 7, 5, '2023-02-04'),
	(1360, 8, 1, '2001-01-01'),
	(1361, 8, 2, '2023-02-05'),
	(1362, 8, 3, '2023-02-05'),
	(1363, 8, 4, '2023-02-05'),
	(1364, 8, 5, '2023-02-05'),
	(1365, 9, 1, '2001-01-01'),
	(1366, 9, 2, '2023-01-29'),
	(1367, 9, 3, '2023-01-29'),
	(1368, 9, 4, '2023-01-29'),
	(1369, 10, 1, '2001-01-01'),
	(1370, 10, 2, '2023-02-28'),
	(1371, 10, 3, '2023-02-28'),
	(1372, 10, 4, '2023-02-28'),
	(1373, 10, 5, '2023-02-28'),
	(1374, 11, 1, '2001-01-01'),
	(1375, 11, 2, '2023-03-18'),
	(1376, 11, 3, '2023-03-18'),
	(1377, 11, 4, '2023-03-18'),
	(1378, 11, 5, '2023-03-18'),
	(1379, 12, 1, '2001-01-01'),
	(1380, 12, 2, '2023-02-06'),
	(1381, 12, 3, '2023-02-06'),
	(1382, 12, 4, '2023-02-06'),
	(1383, 12, 5, '2023-02-06'),
	(1384, 13, 1, '2001-01-01'),
	(1385, 13, 2, '2023-02-07'),
	(1386, 13, 3, '2023-02-07'),
	(1387, 13, 4, '2023-02-07'),
	(1388, 13, 5, '2023-02-07'),
	(1389, 14, 1, '2001-01-01'),
	(1390, 14, 2, '2023-02-08'),
	(1391, 14, 3, '2023-02-08'),
	(1392, 14, 4, '2023-02-08'),
	(1393, 14, 5, '2023-02-08'),
	(1394, 15, 1, '2001-01-01'),
	(1395, 15, 2, '2023-02-09'),
	(1396, 15, 3, '2023-02-09'),
	(1397, 15, 4, '2023-02-09'),
	(1398, 15, 5, '2023-02-09'),
	(1399, 16, 1, '2001-01-01'),
	(1400, 16, 2, '2023-02-10'),
	(1401, 16, 3, '2023-02-10'),
	(1402, 16, 4, '2023-02-10'),
	(1403, 16, 5, '2023-02-10'),
	(1404, 17, 1, '2001-01-01'),
	(1405, 17, 2, '2023-03-01'),
	(1406, 17, 3, '2023-03-01'),
	(1407, 17, 4, '2023-03-01'),
	(1408, 17, 5, '2023-03-01'),
	(1409, 18, 1, '2001-01-01'),
	(1410, 18, 2, '2023-03-02'),
	(1411, 18, 3, '2023-03-02'),
	(1412, 18, 4, '2023-03-02'),
	(1413, 18, 5, '2023-03-02'),
	(1414, 19, 1, '2001-01-01'),
	(1415, 19, 2, '2023-03-03'),
	(1416, 19, 3, '2023-03-03'),
	(1417, 19, 4, '2023-03-03'),
	(1418, 19, 5, '2023-03-03'),
	(1419, 20, 1, '2001-01-01'),
	(1420, 20, 2, '2023-03-04'),
	(1421, 20, 3, '2023-03-04'),
	(1422, 20, 4, '2023-03-04'),
	(1423, 20, 5, '2023-03-04'),
	(1424, 21, 1, '2001-01-01'),
	(1425, 22, 1, '2001-01-01'),
	(1426, 22, 2, '2024-12-25'),
	(1427, 23, 1, '2001-01-01'),
	(1428, 23, 2, '2023-03-05'),
	(1429, 23, 3, '2023-03-05'),
	(1430, 23, 4, '2023-03-05'),
	(1431, 23, 5, '2023-03-05'),
	(1432, 24, 1, '2001-01-01'),
	(1433, 24, 2, '2024-12-25'),
	(1434, 25, 1, '2001-01-01'),
	(1435, 25, 2, '2023-02-11'),
	(1436, 25, 3, '2023-02-11'),
	(1437, 25, 4, '2023-02-11'),
	(1438, 25, 5, '2023-02-11'),
	(1439, 26, 1, '2001-01-01'),
	(1440, 26, 2, '2023-03-06'),
	(1441, 26, 3, '2023-03-06'),
	(1442, 26, 4, '2023-03-06'),
	(1443, 26, 5, '2023-03-06'),
	(1444, 27, 1, '2001-01-01'),
	(1445, 27, 2, '2023-03-07'),
	(1446, 27, 3, '2023-03-07'),
	(1447, 27, 4, '2023-03-07'),
	(1448, 27, 5, '2023-03-07'),
	(1449, 28, 1, '2001-01-01'),
	(1450, 28, 2, '2023-03-08'),
	(1451, 28, 3, '2023-03-08'),
	(1452, 28, 4, '2023-03-08'),
	(1453, 28, 5, '2023-03-08'),
	(1454, 29, 1, '2001-01-01'),
	(1455, 29, 2, '2023-02-12'),
	(1456, 29, 3, '2023-02-12'),
	(1457, 29, 4, '2023-02-12'),
	(1458, 29, 5, '2023-02-12'),
	(1459, 30, 1, '2001-01-01'),
	(1460, 30, 2, '2023-03-09'),
	(1461, 30, 3, '2023-03-09'),
	(1462, 30, 4, '2023-03-09'),
	(1463, 30, 5, '2023-03-09'),
	(1464, 31, 1, '2001-01-01'),
	(1465, 31, 2, '2023-03-10'),
	(1466, 31, 3, '2023-03-10'),
	(1467, 31, 4, '2023-03-10'),
	(1468, 31, 5, '2023-03-10'),
	(1472, 33, 1, '2001-01-01'),
	(1473, 33, 2, '2023-03-11'),
	(1474, 33, 3, '2023-03-11'),
	(1475, 33, 4, '2023-03-11'),
	(1476, 33, 5, '2023-03-11'),
	(1477, 34, 1, '2001-01-01'),
	(1478, 34, 2, '2023-02-13'),
	(1479, 34, 3, '2023-02-13'),
	(1480, 34, 4, '2023-02-13'),
	(1481, 34, 5, '2023-02-13'),
	(1482, 35, 1, '2001-01-01'),
	(1483, 35, 2, '2024-12-25'),
	(1484, 37, 1, '2001-01-01'),
	(1485, 37, 2, '2023-02-01'),
	(1486, 37, 3, '2023-02-01'),
	(1487, 37, 4, '2023-02-01'),
	(1488, 37, 5, '2024-12-25'),
	(1489, 38, 1, '2001-01-01'),
	(1490, 38, 2, '2023-01-30'),
	(1491, 38, 3, '2023-01-30'),
	(1492, 38, 4, '2023-01-30'),
	(1493, 39, 1, '2001-01-01'),
	(1494, 39, 2, '2023-03-19'),
	(1495, 39, 3, '2023-03-19'),
	(1496, 39, 4, '2023-03-19'),
	(1497, 39, 5, '2023-03-19'),
	(1498, 41, 1, '2001-01-01'),
	(1499, 41, 2, '2023-02-14'),
	(1500, 41, 3, '2023-02-14'),
	(1501, 41, 4, '2023-02-14'),
	(1502, 41, 5, '2023-02-14'),
	(1503, 42, 1, '2001-01-01'),
	(1504, 42, 2, '2023-03-21'),
	(1505, 42, 3, '2023-03-21'),
	(1506, 42, 4, '2023-03-21'),
	(1507, 42, 5, '2023-03-21'),
	(1508, 43, 1, '2001-01-01'),
	(1509, 43, 2, '2023-01-23'),
	(1510, 43, 3, '2023-01-23'),
	(1511, 44, 1, '2001-01-01'),
	(1512, 45, 1, '2001-01-01'),
	(1513, 45, 2, '2023-03-12'),
	(1514, 45, 3, '2023-03-12'),
	(1515, 45, 4, '2023-03-12'),
	(1516, 45, 5, '2023-03-12'),
	(1517, 46, 1, '2001-01-01'),
	(1518, 46, 2, '2023-03-13'),
	(1519, 46, 3, '2023-03-13'),
	(1520, 46, 4, '2023-03-13'),
	(1521, 46, 5, '2023-03-13'),
	(1522, 47, 1, '2001-01-01'),
	(1523, 47, 2, '2023-02-15'),
	(1524, 47, 3, '2023-02-15'),
	(1525, 47, 4, '2023-02-15'),
	(1526, 47, 5, '2023-02-15'),
	(1527, 48, 1, '2001-01-01'),
	(1528, 49, 1, '2001-01-01'),
	(1529, 49, 2, '2023-01-16'),
	(1530, 49, 3, '2023-01-16'),
	(1531, 49, 4, '2024-12-25'),
	(1532, 50, 1, '2001-01-01'),
	(1533, 51, 1, '2001-01-01'),
	(1534, 51, 2, '2023-02-16'),
	(1535, 51, 3, '2023-02-16'),
	(1536, 51, 4, '2023-02-16'),
	(1537, 51, 5, '2023-02-16'),
	(1538, 52, 1, '2001-01-01'),
	(1539, 52, 2, '2023-02-17'),
	(1540, 52, 3, '2023-02-17'),
	(1541, 52, 4, '2023-02-17'),
	(1542, 52, 5, '2023-02-17'),
	(1543, 53, 1, '2001-01-01'),
	(1544, 53, 2, '2023-03-14'),
	(1545, 53, 3, '2023-03-14'),
	(1546, 53, 4, '2023-03-14'),
	(1547, 53, 5, '2023-03-14'),
	(1548, 54, 1, '2001-01-01'),
	(1549, 54, 2, '2023-03-15'),
	(1550, 54, 3, '2023-03-15'),
	(1551, 54, 4, '2023-03-15'),
	(1552, 54, 5, '2023-03-15'),
	(1553, 55, 1, '2001-01-01'),
	(1554, 55, 2, '2023-01-17'),
	(1555, 55, 3, '2023-01-17'),
	(1556, 56, 1, '2001-01-01'),
	(1557, 56, 2, '2023-02-18'),
	(1558, 56, 3, '2023-02-18'),
	(1559, 56, 4, '2023-02-18'),
	(1560, 56, 5, '2023-02-18'),
	(1561, 57, 1, '2001-01-01'),
	(1562, 57, 2, '2023-01-31'),
	(1563, 57, 3, '2023-01-31'),
	(1564, 57, 4, '2023-01-31'),
	(1565, 57, 5, '2023-01-31'),
	(1566, 58, 1, '2001-01-01'),
	(1567, 58, 2, '2023-02-26'),
	(1568, 58, 3, '2023-02-26'),
	(1569, 58, 4, '2023-02-26'),
	(1570, 58, 5, '2023-02-26'),
	(1571, 59, 1, '2001-01-01'),
	(1572, 59, 2, '2023-03-16'),
	(1573, 59, 3, '2023-03-16'),
	(1574, 59, 4, '2023-03-16'),
	(1575, 59, 5, '2023-03-16'),
	(1576, 60, 1, '2001-01-01'),
	(1577, 60, 2, '2024-12-25'),
	(1578, 62, 1, '2001-01-01'),
	(1579, 62, 2, '2023-02-19'),
	(1580, 62, 3, '2023-02-19'),
	(1581, 62, 4, '2023-02-19'),
	(1582, 62, 5, '2023-02-19'),
	(1583, 64, 1, '2001-01-01'),
	(1584, 64, 2, '2023-01-25'),
	(1585, 64, 3, '2023-01-25'),
	(1586, 65, 1, '2001-01-01'),
	(1587, 65, 2, '2023-03-17'),
	(1588, 65, 3, '2023-03-17'),
	(1589, 65, 4, '2023-03-17'),
	(1590, 65, 5, '2023-03-17'),
	(1591, 66, 1, '2001-01-01'),
	(1592, 66, 2, '2024-12-25'),
	(1593, 67, 1, '2001-01-01'),
	(1594, 67, 2, '2024-12-25'),
	(1595, 68, 1, '2001-01-01'),
	(1596, 68, 2, '2023-01-15'),
	(1597, 68, 3, '2024-12-25'),
	(1598, 71, 1, '2001-01-01'),
	(1599, 71, 2, '2024-12-25'),
	(1600, 72, 1, '2001-01-01'),
	(1601, 72, 2, '2023-02-20'),
	(1602, 72, 3, '2023-02-20'),
	(1603, 72, 4, '2023-02-20'),
	(1604, 72, 5, '2023-02-20'),
	(1605, 73, 1, '2001-01-01'),
	(1606, 73, 2, '2023-01-26'),
	(1607, 73, 3, '2023-01-26'),
	(1608, 74, 1, '2001-01-01'),
	(1609, 74, 2, '2023-01-19'),
	(1610, 74, 3, '2023-01-19'),
	(1611, 74, 4, '2024-12-25'),
	(1612, 75, 1, '2001-01-01'),
	(1613, 75, 2, '2023-02-27'),
	(1614, 75, 3, '2023-02-27'),
	(1615, 75, 4, '2023-02-27'),
	(1616, 75, 5, '2023-02-27'),
	(1617, 76, 1, '2001-01-01'),
	(1618, 76, 2, '2023-01-20'),
	(1619, 76, 3, '2023-01-20'),
	(1620, 77, 1, '2001-01-01'),
	(1621, 77, 2, '2023-02-21'),
	(1622, 77, 3, '2023-02-21'),
	(1623, 77, 4, '2023-02-21'),
	(1624, 77, 5, '2023-02-21'),
	(1625, 78, 1, '2001-01-01'),
	(1626, 78, 2, '2023-01-27'),
	(1627, 78, 3, '2023-01-27'),
	(1628, 79, 1, '2001-01-01'),
	(1629, 79, 2, '2023-02-25'),
	(1630, 79, 3, '2023-02-25'),
	(1631, 79, 4, '2023-02-25'),
	(1632, 79, 5, '2023-02-25'),
	(1633, 80, 1, '2001-01-01'),
	(1634, 80, 2, '2023-01-21'),
	(1635, 80, 3, '2023-01-21'),
	(1636, 80, 4, '2024-12-25'),
	(1637, 81, 1, '2001-01-01'),
	(1638, 81, 2, '2024-12-25'),
	(1639, 82, 1, '2001-01-01'),
	(1641, 82, 3, '2023-02-22'),
	(1642, 82, 4, '2023-02-22'),
	(1643, 82, 5, '2023-02-22'),
	(1644, 83, 1, '2001-01-01'),
	(1645, 83, 2, '2023-02-23'),
	(1646, 83, 3, '2023-02-23'),
	(1647, 83, 4, '2023-02-23'),
	(1648, 83, 5, '2023-02-23'),
	(1649, 84, 1, '2001-01-01'),
	(1650, 84, 2, '2023-01-22'),
	(1651, 84, 3, '2023-01-22'),
	(1652, 84, 4, '2024-12-25'),
	(1653, 85, 1, '2001-01-01'),
	(1654, 86, 1, '2001-01-01'),
	(1655, 86, 2, '2023-02-24'),
	(1656, 86, 3, '2023-02-24'),
	(1657, 86, 4, '2023-02-24'),
	(1658, 86, 5, '2023-02-24'),
	(1659, 1, 1, '2001-01-01'),
	(1660, 1, 2, '2023-01-01'),
	(1661, 1, 3, '2023-01-01'),
	(1662, 1, 4, '2023-01-01'),
	(1663, 2, 1, '2001-01-01'),
	(1664, 2, 2, '2023-01-18'),
	(1665, 2, 3, '2023-01-18'),
	(1666, 3, 1, '2001-01-01'),
	(1667, 3, 2, '2023-02-02'),
	(1668, 3, 3, '2023-02-02'),
	(1669, 3, 4, '2023-02-02'),
	(1670, 3, 5, '2023-02-02'),
	(1671, 4, 1, '2001-01-01'),
	(1672, 4, 2, '2023-03-20'),
	(1673, 4, 3, '2023-03-20'),
	(1674, 4, 4, '2023-03-20'),
	(1675, 4, 5, '2023-03-20'),
	(1676, 5, 1, '2001-01-01'),
	(1677, 5, 2, '2023-01-28'),
	(1678, 5, 3, '2023-01-28'),
	(1679, 5, 4, '2023-01-28'),
	(1680, 5, 5, '2024-12-25'),
	(1681, 6, 1, '2001-01-01'),
	(1682, 6, 2, '2023-02-03'),
	(1683, 6, 3, '2023-02-03'),
	(1684, 6, 4, '2023-02-03'),
	(1685, 6, 5, '2023-02-03'),
	(1686, 7, 1, '2001-01-01'),
	(1687, 7, 2, '2023-02-04'),
	(1688, 7, 3, '2023-02-04'),
	(1689, 7, 4, '2023-02-04'),
	(1690, 7, 5, '2023-02-04'),
	(1691, 8, 1, '2001-01-01'),
	(1692, 8, 2, '2023-02-05'),
	(1693, 8, 3, '2023-02-05'),
	(1694, 8, 4, '2023-02-05'),
	(1695, 8, 5, '2023-02-05'),
	(1696, 9, 1, '2001-01-01'),
	(1697, 9, 2, '2023-01-29'),
	(1698, 9, 3, '2023-01-29'),
	(1699, 9, 4, '2023-01-29'),
	(1700, 10, 1, '2001-01-01'),
	(1701, 10, 2, '2023-02-28'),
	(1702, 10, 3, '2023-02-28'),
	(1703, 10, 4, '2023-02-28'),
	(1704, 10, 5, '2023-02-28'),
	(1705, 11, 1, '2001-01-01'),
	(1706, 11, 2, '2023-03-18'),
	(1707, 11, 3, '2023-03-18'),
	(1708, 11, 4, '2023-03-18'),
	(1709, 11, 5, '2023-03-18'),
	(1710, 12, 1, '2001-01-01'),
	(1711, 12, 2, '2023-02-06'),
	(1712, 12, 3, '2023-02-06'),
	(1713, 12, 4, '2023-02-06'),
	(1714, 12, 5, '2023-02-06'),
	(1715, 13, 1, '2001-01-01'),
	(1716, 13, 2, '2023-02-07'),
	(1717, 13, 3, '2023-02-07'),
	(1718, 13, 4, '2023-02-07'),
	(1719, 13, 5, '2023-02-07'),
	(1720, 14, 1, '2001-01-01'),
	(1721, 14, 2, '2023-02-08'),
	(1722, 14, 3, '2023-02-08'),
	(1723, 14, 4, '2023-02-08'),
	(1724, 14, 5, '2023-02-08'),
	(1725, 15, 1, '2001-01-01'),
	(1726, 15, 2, '2023-02-09'),
	(1727, 15, 3, '2023-02-09'),
	(1728, 15, 4, '2023-02-09'),
	(1729, 15, 5, '2023-02-09'),
	(1730, 16, 1, '2001-01-01'),
	(1731, 16, 2, '2023-02-10'),
	(1732, 16, 3, '2023-02-10'),
	(1733, 16, 4, '2023-02-10'),
	(1734, 16, 5, '2023-02-10'),
	(1735, 17, 1, '2001-01-01'),
	(1736, 17, 2, '2023-03-01'),
	(1737, 17, 3, '2023-03-01'),
	(1738, 17, 4, '2023-03-01'),
	(1739, 17, 5, '2023-03-01'),
	(1740, 18, 1, '2001-01-01'),
	(1741, 18, 2, '2023-03-02'),
	(1742, 18, 3, '2023-03-02'),
	(1743, 18, 4, '2023-03-02'),
	(1744, 18, 5, '2023-03-02'),
	(1745, 19, 1, '2001-01-01'),
	(1746, 19, 2, '2023-03-03'),
	(1747, 19, 3, '2023-03-03'),
	(1748, 19, 4, '2023-03-03'),
	(1749, 19, 5, '2023-03-03'),
	(1750, 20, 1, '2001-01-01'),
	(1751, 20, 2, '2023-03-04'),
	(1752, 20, 3, '2023-03-04'),
	(1753, 20, 4, '2023-03-04'),
	(1754, 20, 5, '2023-03-04'),
	(1755, 21, 1, '2001-01-01'),
	(1756, 22, 1, '2001-01-01'),
	(1757, 22, 2, '2024-12-25'),
	(1758, 23, 1, '2001-01-01'),
	(1759, 23, 2, '2023-03-05'),
	(1760, 23, 3, '2023-03-05'),
	(1761, 23, 4, '2023-03-05'),
	(1762, 23, 5, '2023-03-05'),
	(1763, 24, 1, '2001-01-01'),
	(1764, 24, 2, '2024-12-25'),
	(1765, 25, 1, '2001-01-01'),
	(1766, 25, 2, '2023-02-11'),
	(1767, 25, 3, '2023-02-11'),
	(1768, 25, 4, '2023-02-11'),
	(1769, 25, 5, '2023-02-11'),
	(1770, 26, 1, '2001-01-01'),
	(1771, 26, 2, '2023-03-06'),
	(1772, 26, 3, '2023-03-06'),
	(1773, 26, 4, '2023-03-06'),
	(1774, 26, 5, '2023-03-06'),
	(1775, 27, 1, '2001-01-01'),
	(1776, 27, 2, '2023-03-07'),
	(1777, 27, 3, '2023-03-07'),
	(1778, 27, 4, '2023-03-07'),
	(1779, 27, 5, '2023-03-07'),
	(1780, 28, 1, '2001-01-01'),
	(1781, 28, 2, '2023-03-08'),
	(1782, 28, 3, '2023-03-08'),
	(1783, 28, 4, '2023-03-08'),
	(1784, 28, 5, '2023-03-08'),
	(1785, 29, 1, '2001-01-01'),
	(1786, 29, 2, '2023-02-12'),
	(1787, 29, 3, '2023-02-12'),
	(1788, 29, 4, '2023-02-12'),
	(1789, 29, 5, '2023-02-12'),
	(1790, 30, 1, '2001-01-01'),
	(1791, 30, 2, '2023-03-09'),
	(1792, 30, 3, '2023-03-09'),
	(1793, 30, 4, '2023-03-09'),
	(1794, 30, 5, '2023-03-09'),
	(1795, 31, 1, '2001-01-01'),
	(1796, 31, 2, '2023-03-10'),
	(1797, 31, 3, '2023-03-10'),
	(1798, 31, 4, '2023-03-10'),
	(1799, 31, 5, '2023-03-10'),
	(1803, 33, 1, '2001-01-01'),
	(1804, 33, 2, '2023-03-11'),
	(1805, 33, 3, '2023-03-11'),
	(1806, 33, 4, '2023-03-11'),
	(1807, 33, 5, '2023-03-11'),
	(1808, 34, 1, '2001-01-01'),
	(1809, 34, 2, '2023-02-13'),
	(1810, 34, 3, '2023-02-13'),
	(1811, 34, 4, '2023-02-13'),
	(1812, 34, 5, '2023-02-13'),
	(1813, 35, 1, '2001-01-01'),
	(1814, 35, 2, '2024-12-25'),
	(1815, 37, 1, '2001-01-01'),
	(1816, 37, 2, '2023-02-01'),
	(1817, 37, 3, '2023-02-01'),
	(1818, 37, 4, '2023-02-01'),
	(1819, 37, 5, '2024-12-25'),
	(1820, 38, 1, '2001-01-01'),
	(1821, 38, 2, '2023-01-30'),
	(1822, 38, 3, '2023-01-30'),
	(1823, 38, 4, '2023-01-30'),
	(1824, 39, 1, '2001-01-01'),
	(1825, 39, 2, '2023-03-19'),
	(1826, 39, 3, '2023-03-19'),
	(1827, 39, 4, '2023-03-19'),
	(1828, 39, 5, '2023-03-19'),
	(1829, 41, 1, '2001-01-01'),
	(1830, 41, 2, '2023-02-14'),
	(1831, 41, 3, '2023-02-14'),
	(1832, 41, 4, '2023-02-14'),
	(1833, 41, 5, '2023-02-14'),
	(1834, 42, 1, '2001-01-01'),
	(1835, 42, 2, '2023-03-21'),
	(1836, 42, 3, '2023-03-21'),
	(1837, 42, 4, '2023-03-21'),
	(1838, 42, 5, '2023-03-21'),
	(1839, 43, 1, '2001-01-01'),
	(1840, 43, 2, '2023-01-23'),
	(1841, 43, 3, '2023-01-23'),
	(1842, 44, 1, '2001-01-01'),
	(1843, 45, 1, '2001-01-01'),
	(1844, 45, 2, '2023-03-12'),
	(1845, 45, 3, '2023-03-12'),
	(1846, 45, 4, '2023-03-12'),
	(1847, 45, 5, '2023-03-12'),
	(1848, 46, 1, '2001-01-01'),
	(1849, 46, 2, '2023-03-13'),
	(1850, 46, 3, '2023-03-13'),
	(1851, 46, 4, '2023-03-13'),
	(1852, 46, 5, '2023-03-13'),
	(1853, 47, 1, '2001-01-01'),
	(1854, 47, 2, '2023-02-15'),
	(1855, 47, 3, '2023-02-15'),
	(1856, 47, 4, '2023-02-15'),
	(1857, 47, 5, '2023-02-15'),
	(1858, 48, 1, '2001-01-01'),
	(1859, 49, 1, '2001-01-01'),
	(1860, 49, 2, '2023-01-16'),
	(1861, 49, 3, '2023-01-16'),
	(1862, 49, 4, '2024-12-25'),
	(1863, 50, 1, '2001-01-01'),
	(1864, 51, 1, '2001-01-01'),
	(1865, 51, 2, '2023-02-16'),
	(1866, 51, 3, '2023-02-16'),
	(1867, 51, 4, '2023-02-16'),
	(1868, 51, 5, '2023-02-16'),
	(1869, 52, 1, '2001-01-01'),
	(1870, 52, 2, '2023-02-17'),
	(1871, 52, 3, '2023-02-17'),
	(1872, 52, 4, '2023-02-17'),
	(1873, 52, 5, '2023-02-17'),
	(1874, 53, 1, '2001-01-01'),
	(1875, 53, 2, '2023-03-14'),
	(1876, 53, 3, '2023-03-14'),
	(1877, 53, 4, '2023-03-14'),
	(1878, 53, 5, '2023-03-14'),
	(1879, 54, 1, '2001-01-01'),
	(1880, 54, 2, '2023-03-15'),
	(1881, 54, 3, '2023-03-15'),
	(1882, 54, 4, '2023-03-15'),
	(1883, 54, 5, '2023-03-15'),
	(1884, 55, 1, '2001-01-01'),
	(1885, 55, 2, '2023-01-17'),
	(1886, 55, 3, '2023-01-17'),
	(1887, 56, 1, '2001-01-01'),
	(1888, 56, 2, '2023-02-18'),
	(1889, 56, 3, '2023-02-18'),
	(1890, 56, 4, '2023-02-18'),
	(1891, 56, 5, '2023-02-18'),
	(1892, 57, 1, '2001-01-01'),
	(1893, 57, 2, '2023-01-31'),
	(1894, 57, 3, '2023-01-31'),
	(1895, 57, 4, '2023-01-31'),
	(1896, 57, 5, '2023-01-31'),
	(1897, 58, 1, '2001-01-01'),
	(1898, 58, 2, '2023-02-26'),
	(1899, 58, 3, '2023-02-26'),
	(1900, 58, 4, '2023-02-26'),
	(1901, 58, 5, '2023-02-26'),
	(1902, 59, 1, '2001-01-01'),
	(1903, 59, 2, '2023-03-16'),
	(1904, 59, 3, '2023-03-16'),
	(1905, 59, 4, '2023-03-16'),
	(1906, 59, 5, '2023-03-16'),
	(1907, 60, 1, '2001-01-01'),
	(1908, 60, 2, '2024-12-25'),
	(1909, 62, 1, '2001-01-01'),
	(1910, 62, 2, '2023-02-19'),
	(1911, 62, 3, '2023-02-19'),
	(1912, 62, 4, '2023-02-19'),
	(1913, 62, 5, '2023-02-19'),
	(1914, 64, 1, '2001-01-01'),
	(1915, 64, 2, '2023-01-25'),
	(1916, 64, 3, '2023-01-25'),
	(1917, 65, 1, '2001-01-01'),
	(1918, 65, 2, '2023-03-17'),
	(1919, 65, 3, '2023-03-17'),
	(1920, 65, 4, '2023-03-17'),
	(1921, 65, 5, '2023-03-17'),
	(1922, 66, 1, '2001-01-01'),
	(1923, 66, 2, '2024-12-25'),
	(1924, 67, 1, '2001-01-01'),
	(1925, 67, 2, '2024-12-25'),
	(1926, 68, 1, '2001-01-01'),
	(1927, 68, 2, '2023-01-15'),
	(1928, 68, 3, '2024-12-25'),
	(1929, 71, 1, '2001-01-01'),
	(1930, 71, 2, '2024-12-25'),
	(1931, 72, 1, '2001-01-01'),
	(1932, 72, 2, '2023-02-20'),
	(1933, 72, 3, '2023-02-20'),
	(1934, 72, 4, '2023-02-20'),
	(1935, 72, 5, '2023-02-20'),
	(1936, 73, 1, '2001-01-01'),
	(1937, 73, 2, '2023-01-26'),
	(1938, 73, 3, '2023-01-26'),
	(1939, 74, 1, '2001-01-01'),
	(1940, 74, 2, '2023-01-19'),
	(1941, 74, 3, '2023-01-19'),
	(1942, 74, 4, '2024-12-25'),
	(1943, 75, 1, '2001-01-01'),
	(1944, 75, 2, '2023-02-27'),
	(1945, 75, 3, '2023-02-27'),
	(1946, 75, 4, '2023-02-27'),
	(1947, 75, 5, '2023-02-27'),
	(1948, 76, 1, '2001-01-01'),
	(1949, 76, 2, '2023-01-20'),
	(1950, 76, 3, '2023-01-20'),
	(1951, 77, 1, '2001-01-01'),
	(1952, 77, 2, '2023-02-21'),
	(1953, 77, 3, '2023-02-21'),
	(1954, 77, 4, '2023-02-21'),
	(1955, 77, 5, '2023-02-21'),
	(1956, 78, 1, '2001-01-01'),
	(1957, 78, 2, '2023-01-27'),
	(1958, 78, 3, '2023-01-27'),
	(1959, 79, 1, '2001-01-01'),
	(1960, 79, 2, '2023-02-25'),
	(1961, 79, 3, '2023-02-25'),
	(1962, 79, 4, '2023-02-25'),
	(1963, 79, 5, '2023-02-25'),
	(1964, 80, 1, '2001-01-01'),
	(1965, 80, 2, '2023-01-21'),
	(1966, 80, 3, '2023-01-21'),
	(1967, 80, 4, '2024-12-25'),
	(1968, 81, 1, '2001-01-01'),
	(1969, 81, 2, '2024-12-25'),
	(1970, 82, 1, '2001-01-01'),
	(1971, 1, 1, '2001-01-01'),
	(1972, 1, 2, '2023-01-01'),
	(1973, 1, 3, '2023-01-01'),
	(1974, 1, 4, '2023-01-01'),
	(1976, 2, 1, '2001-01-01'),
	(1977, 2, 2, '2023-01-18'),
	(1978, 2, 3, '2023-01-18'),
	(1979, 3, 1, '2001-01-01'),
	(1980, 3, 2, '2023-02-02'),
	(1981, 3, 3, '2023-02-02'),
	(1982, 3, 4, '2023-02-02'),
	(1983, 3, 5, '2023-02-02'),
	(1984, 4, 1, '2001-01-01'),
	(1985, 4, 2, '2023-03-20'),
	(1986, 4, 3, '2023-03-20'),
	(1987, 4, 4, '2023-03-20'),
	(1988, 4, 5, '2023-03-20'),
	(1989, 5, 1, '2001-01-01'),
	(1990, 5, 2, '2023-01-28'),
	(1991, 5, 3, '2023-01-28'),
	(1992, 5, 4, '2023-01-28'),
	(1993, 5, 5, '2024-12-25'),
	(1994, 6, 1, '2001-01-01'),
	(1995, 6, 2, '2023-02-03'),
	(1996, 6, 3, '2023-02-03'),
	(1997, 6, 4, '2023-02-03'),
	(1998, 6, 5, '2023-02-03'),
	(1999, 7, 1, '2001-01-01'),
	(2000, 7, 2, '2023-02-04'),
	(2001, 7, 3, '2023-02-04'),
	(2002, 7, 4, '2023-02-04'),
	(2003, 7, 5, '2023-02-04'),
	(2004, 8, 1, '2001-01-01'),
	(2005, 8, 2, '2023-02-05'),
	(2006, 8, 3, '2023-02-05'),
	(2007, 8, 4, '2023-02-05'),
	(2008, 8, 5, '2023-02-05'),
	(2009, 9, 1, '2001-01-01'),
	(2010, 9, 2, '2023-01-29'),
	(2011, 9, 3, '2023-01-29'),
	(2012, 9, 4, '2023-01-29'),
	(2013, 10, 1, '2001-01-01'),
	(2014, 10, 2, '2023-02-28'),
	(2015, 10, 3, '2023-02-28'),
	(2016, 10, 4, '2023-02-28'),
	(2017, 10, 5, '2023-02-28'),
	(2018, 11, 1, '2001-01-01'),
	(2019, 11, 2, '2023-03-18'),
	(2020, 11, 3, '2023-03-18'),
	(2021, 11, 4, '2023-03-18'),
	(2022, 11, 5, '2023-03-18'),
	(2023, 12, 1, '2001-01-01'),
	(2024, 12, 2, '2023-02-06'),
	(2025, 12, 3, '2023-02-06'),
	(2026, 12, 4, '2023-02-06'),
	(2027, 12, 5, '2023-02-06'),
	(2028, 13, 1, '2001-01-01'),
	(2029, 13, 2, '2023-02-07'),
	(2030, 13, 3, '2023-02-07'),
	(2031, 13, 4, '2023-02-07'),
	(2032, 13, 5, '2023-02-07'),
	(2033, 14, 1, '2001-01-01'),
	(2034, 14, 2, '2023-02-08'),
	(2035, 14, 3, '2023-02-08'),
	(2036, 14, 4, '2023-02-08'),
	(2037, 14, 5, '2023-02-08'),
	(2038, 15, 1, '2001-01-01'),
	(2039, 15, 2, '2023-02-09'),
	(2040, 15, 3, '2023-02-09'),
	(2041, 15, 4, '2023-02-09'),
	(2042, 15, 5, '2023-02-09'),
	(2043, 16, 1, '2001-01-01'),
	(2044, 16, 2, '2023-02-10'),
	(2045, 16, 3, '2023-02-10'),
	(2046, 16, 4, '2023-02-10'),
	(2047, 16, 5, '2023-02-10'),
	(2048, 17, 1, '2001-01-01'),
	(2049, 17, 2, '2023-03-01'),
	(2050, 17, 3, '2023-03-01'),
	(2051, 17, 4, '2023-03-01'),
	(2052, 17, 5, '2023-03-01'),
	(2053, 18, 1, '2001-01-01'),
	(2054, 18, 2, '2023-03-02'),
	(2055, 18, 3, '2023-03-02'),
	(2056, 18, 4, '2023-03-02'),
	(2057, 18, 5, '2023-03-02'),
	(2058, 19, 1, '2001-01-01'),
	(2059, 19, 2, '2023-03-03'),
	(2060, 19, 3, '2023-03-03'),
	(2061, 19, 4, '2023-03-03'),
	(2062, 19, 5, '2023-03-03'),
	(2063, 20, 1, '2001-01-01'),
	(2064, 20, 2, '2023-03-04'),
	(2065, 20, 3, '2023-03-04'),
	(2066, 20, 4, '2023-03-04'),
	(2067, 20, 5, '2023-03-04'),
	(2068, 21, 1, '2001-01-01'),
	(2069, 22, 1, '2001-01-01'),
	(2070, 22, 2, '2024-12-25'),
	(2071, 23, 1, '2001-01-01'),
	(2072, 23, 2, '2023-03-05'),
	(2073, 23, 3, '2023-03-05'),
	(2074, 23, 4, '2023-03-05'),
	(2075, 23, 5, '2023-03-05'),
	(2076, 24, 1, '2001-01-01'),
	(2077, 24, 2, '2024-12-25'),
	(2078, 25, 1, '2001-01-01'),
	(2079, 25, 2, '2023-02-11'),
	(2080, 25, 3, '2023-02-11'),
	(2081, 25, 4, '2023-02-11'),
	(2082, 25, 5, '2023-02-11'),
	(2083, 26, 1, '2001-01-01'),
	(2084, 26, 2, '2023-03-06'),
	(2085, 26, 3, '2023-03-06'),
	(2086, 26, 4, '2023-03-06'),
	(2087, 26, 5, '2023-03-06'),
	(2088, 27, 1, '2001-01-01'),
	(2089, 27, 2, '2023-03-07'),
	(2090, 27, 3, '2023-03-07'),
	(2091, 27, 4, '2023-03-07'),
	(2092, 27, 5, '2023-03-07'),
	(2093, 28, 1, '2001-01-01'),
	(2094, 28, 2, '2023-03-08'),
	(2095, 28, 3, '2023-03-08'),
	(2096, 28, 4, '2023-03-08'),
	(2097, 28, 5, '2023-03-08'),
	(2098, 29, 1, '2001-01-01'),
	(2099, 29, 2, '2023-02-12'),
	(2100, 29, 3, '2023-02-12'),
	(2101, 29, 4, '2023-02-12'),
	(2102, 29, 5, '2023-02-12'),
	(2103, 30, 1, '2001-01-01'),
	(2104, 30, 2, '2023-03-09'),
	(2105, 30, 3, '2023-03-09'),
	(2106, 30, 4, '2023-03-09'),
	(2107, 30, 5, '2023-03-09'),
	(2108, 31, 1, '2001-01-01'),
	(2109, 31, 2, '2023-03-10'),
	(2110, 31, 3, '2023-03-10'),
	(2111, 31, 4, '2023-03-10'),
	(2112, 31, 5, '2023-03-10'),
	(2116, 33, 1, '2001-01-01'),
	(2117, 33, 2, '2023-03-11'),
	(2118, 33, 3, '2023-03-11'),
	(2119, 33, 4, '2023-03-11'),
	(2120, 33, 5, '2023-03-11'),
	(2121, 34, 1, '2001-01-01'),
	(2122, 34, 2, '2023-02-13'),
	(2123, 34, 3, '2023-02-13'),
	(2124, 34, 4, '2023-02-13'),
	(2125, 34, 5, '2023-02-13'),
	(2126, 35, 1, '2001-01-01'),
	(2127, 35, 2, '2024-12-25'),
	(2128, 37, 1, '2001-01-01'),
	(2129, 37, 2, '2023-02-01'),
	(2130, 37, 3, '2023-02-01'),
	(2131, 37, 4, '2023-02-01'),
	(2132, 37, 5, '2024-12-25'),
	(2133, 38, 1, '2001-01-01'),
	(2134, 38, 2, '2023-01-30'),
	(2135, 38, 3, '2023-01-30'),
	(2136, 38, 4, '2023-01-30'),
	(2137, 39, 1, '2001-01-01'),
	(2138, 39, 2, '2023-03-19'),
	(2139, 39, 3, '2023-03-19'),
	(2140, 39, 4, '2023-03-19'),
	(2141, 39, 5, '2023-03-19'),
	(2142, 41, 1, '2001-01-01'),
	(2143, 41, 2, '2023-02-14'),
	(2144, 41, 3, '2023-02-14'),
	(2145, 41, 4, '2023-02-14'),
	(2146, 41, 5, '2023-02-14'),
	(2147, 42, 1, '2001-01-01'),
	(2148, 42, 2, '2023-03-21'),
	(2149, 42, 3, '2023-03-21'),
	(2150, 42, 4, '2023-03-21'),
	(2151, 42, 5, '2023-03-21'),
	(2152, 43, 1, '2001-01-01'),
	(2153, 43, 2, '2023-01-23'),
	(2154, 43, 3, '2023-01-23'),
	(2155, 44, 1, '2001-01-01'),
	(2156, 45, 1, '2001-01-01'),
	(2157, 45, 2, '2023-03-12'),
	(2158, 45, 3, '2023-03-12'),
	(2159, 45, 4, '2023-03-12'),
	(2160, 45, 5, '2023-03-12'),
	(2161, 46, 1, '2001-01-01'),
	(2162, 46, 2, '2023-03-13'),
	(2163, 46, 3, '2023-03-13'),
	(2164, 46, 4, '2023-03-13'),
	(2165, 46, 5, '2023-03-13'),
	(2166, 47, 1, '2001-01-01'),
	(2167, 47, 2, '2023-02-15'),
	(2168, 47, 3, '2023-02-15'),
	(2169, 47, 4, '2023-02-15'),
	(2170, 47, 5, '2023-02-15'),
	(2171, 48, 1, '2001-01-01'),
	(2172, 49, 1, '2001-01-01'),
	(2173, 49, 2, '2023-01-16'),
	(2174, 49, 3, '2023-01-16'),
	(2175, 49, 4, '2024-12-25'),
	(2176, 50, 1, '2001-01-01'),
	(2177, 51, 1, '2001-01-01'),
	(2178, 51, 2, '2023-02-16'),
	(2179, 51, 3, '2023-02-16'),
	(2180, 51, 4, '2023-02-16'),
	(2181, 51, 5, '2023-02-16'),
	(2182, 52, 1, '2001-01-01'),
	(2183, 52, 2, '2023-02-17'),
	(2184, 52, 3, '2023-02-17'),
	(2185, 52, 4, '2023-02-17'),
	(2186, 52, 5, '2023-02-17'),
	(2187, 53, 1, '2001-01-01'),
	(2188, 53, 2, '2023-03-14'),
	(2189, 53, 3, '2023-03-14'),
	(2190, 53, 4, '2023-03-14'),
	(2191, 53, 5, '2023-03-14'),
	(2192, 54, 1, '2001-01-01'),
	(2193, 54, 2, '2023-03-15'),
	(2194, 54, 3, '2023-03-15'),
	(2195, 54, 4, '2023-03-15'),
	(2196, 54, 5, '2023-03-15'),
	(2197, 55, 1, '2001-01-01'),
	(2198, 55, 2, '2023-01-17'),
	(2199, 55, 3, '2023-01-17'),
	(2200, 56, 1, '2001-01-01'),
	(2201, 56, 2, '2023-02-18'),
	(2202, 56, 3, '2023-02-18'),
	(2203, 56, 4, '2023-02-18'),
	(2204, 56, 5, '2023-02-18'),
	(2205, 57, 1, '2001-01-01'),
	(2206, 57, 2, '2023-01-31'),
	(2207, 57, 3, '2023-01-31'),
	(2208, 57, 4, '2023-01-31'),
	(2209, 57, 5, '2023-01-31'),
	(2210, 58, 1, '2001-01-01'),
	(2211, 58, 2, '2023-02-26'),
	(2212, 58, 3, '2023-02-26'),
	(2213, 58, 4, '2023-02-26'),
	(2214, 58, 5, '2023-02-26'),
	(2215, 59, 1, '2001-01-01'),
	(2216, 59, 2, '2023-03-16'),
	(2217, 59, 3, '2023-03-16'),
	(2218, 59, 4, '2023-03-16'),
	(2219, 59, 5, '2023-03-16'),
	(2220, 60, 1, '2001-01-01'),
	(2221, 60, 2, '2024-12-25'),
	(2222, 62, 1, '2001-01-01'),
	(2223, 62, 2, '2023-02-19'),
	(2224, 62, 3, '2023-02-19'),
	(2225, 62, 4, '2023-02-19'),
	(2226, 62, 5, '2023-02-19'),
	(2227, 64, 1, '2001-01-01'),
	(2228, 64, 2, '2023-01-25'),
	(2229, 64, 3, '2023-01-25'),
	(2230, 65, 1, '2001-01-01'),
	(2231, 65, 2, '2023-03-17'),
	(2232, 65, 3, '2023-03-17'),
	(2233, 65, 4, '2023-03-17'),
	(2234, 65, 5, '2023-03-17'),
	(2235, 66, 1, '2001-01-01'),
	(2236, 66, 2, '2024-12-25'),
	(2237, 67, 1, '2001-01-01'),
	(2238, 67, 2, '2024-12-25'),
	(2239, 68, 1, '2001-01-01'),
	(2240, 68, 2, '2023-01-15'),
	(2241, 68, 3, '2024-12-25'),
	(2242, 71, 1, '2001-01-01'),
	(2243, 71, 2, '2024-12-25'),
	(2244, 72, 1, '2001-01-01'),
	(2245, 72, 2, '2023-02-20'),
	(2246, 72, 3, '2023-02-20'),
	(2247, 72, 4, '2023-02-20'),
	(2248, 72, 5, '2023-02-20'),
	(2249, 73, 1, '2001-01-01'),
	(2250, 73, 2, '2023-01-26'),
	(2251, 73, 3, '2023-01-26'),
	(2252, 74, 1, '2001-01-01'),
	(2253, 74, 2, '2023-01-19'),
	(2254, 74, 3, '2023-01-19'),
	(2255, 74, 4, '2024-12-25'),
	(2256, 75, 1, '2001-01-01'),
	(2257, 75, 2, '2023-02-27'),
	(2258, 75, 3, '2023-02-27'),
	(2259, 75, 4, '2023-02-27'),
	(2260, 75, 5, '2023-02-27'),
	(2261, 76, 1, '2001-01-01'),
	(2262, 76, 2, '2023-01-20'),
	(2263, 76, 3, '2023-01-20'),
	(2264, 77, 1, '2001-01-01'),
	(2265, 77, 2, '2023-02-21'),
	(2266, 77, 3, '2023-02-21'),
	(2267, 77, 4, '2023-02-21'),
	(2268, 77, 5, '2023-02-21'),
	(2269, 78, 1, '2001-01-01'),
	(2270, 78, 2, '2023-01-27'),
	(2271, 78, 3, '2023-01-27'),
	(2272, 79, 1, '2001-01-01'),
	(2273, 79, 2, '2023-02-25'),
	(2274, 79, 3, '2023-02-25'),
	(2275, 79, 4, '2023-02-25'),
	(2276, 79, 5, '2023-02-25'),
	(2277, 80, 1, '2001-01-01'),
	(2278, 80, 2, '2023-01-21'),
	(2279, 80, 3, '2023-01-21'),
	(2280, 80, 4, '2024-12-25'),
	(2281, 81, 1, '2001-01-01'),
	(2282, 81, 2, '2024-12-25'),
	(2283, 1, 1, '2001-01-01'),
	(2284, 1, 2, '2023-01-01'),
	(2285, 1, 3, '2023-01-01'),
	(2286, 1, 4, '2023-01-01'),
	(2287, 2, 1, '2001-01-01'),
	(2288, 2, 2, '2023-01-18'),
	(2289, 2, 3, '2023-01-18'),
	(2290, 3, 1, '2001-01-01'),
	(2291, 3, 2, '2023-02-02'),
	(2292, 3, 3, '2023-02-02'),
	(2293, 3, 4, '2023-02-02'),
	(2294, 3, 5, '2023-02-02'),
	(2295, 4, 1, '2001-01-01'),
	(2296, 4, 2, '2023-03-20'),
	(2297, 4, 3, '2023-03-20'),
	(2298, 4, 4, '2023-03-20'),
	(2299, 4, 5, '2023-03-20'),
	(2300, 5, 1, '2001-01-01'),
	(2301, 5, 2, '2023-01-28'),
	(2302, 5, 3, '2023-01-28'),
	(2303, 5, 4, '2023-01-28'),
	(2304, 5, 5, '2024-12-25'),
	(2305, 6, 1, '2001-01-01'),
	(2306, 6, 2, '2023-02-03'),
	(2307, 6, 3, '2023-02-03'),
	(2308, 6, 4, '2023-02-03'),
	(2309, 6, 5, '2023-02-03'),
	(2310, 7, 1, '2001-01-01'),
	(2311, 7, 2, '2023-02-04'),
	(2312, 7, 3, '2023-02-04'),
	(2313, 7, 4, '2023-02-04'),
	(2314, 7, 5, '2023-02-04'),
	(2315, 8, 1, '2001-01-01'),
	(2316, 8, 2, '2023-02-05'),
	(2317, 8, 3, '2023-02-05'),
	(2318, 8, 4, '2023-02-05'),
	(2319, 8, 5, '2023-02-05'),
	(2320, 9, 1, '2001-01-01'),
	(2321, 9, 2, '2023-01-29'),
	(2322, 9, 3, '2023-01-29'),
	(2323, 9, 4, '2023-01-29'),
	(2324, 10, 1, '2001-01-01'),
	(2325, 10, 2, '2023-02-28'),
	(2326, 10, 3, '2023-02-28'),
	(2327, 10, 4, '2023-02-28'),
	(2328, 10, 5, '2023-02-28'),
	(2329, 11, 1, '2001-01-01'),
	(2330, 11, 2, '2023-03-18'),
	(2331, 11, 3, '2023-03-18'),
	(2332, 11, 4, '2023-03-18'),
	(2333, 11, 5, '2023-03-18'),
	(2334, 12, 1, '2001-01-01'),
	(2335, 12, 2, '2023-02-06'),
	(2336, 12, 3, '2023-02-06'),
	(2337, 12, 4, '2023-02-06'),
	(2338, 12, 5, '2023-02-06'),
	(2339, 13, 1, '2001-01-01'),
	(2340, 13, 2, '2023-02-07'),
	(2341, 13, 3, '2023-02-07'),
	(2342, 13, 4, '2023-02-07'),
	(2343, 13, 5, '2023-02-07'),
	(2344, 14, 1, '2001-01-01'),
	(2345, 14, 2, '2023-02-08'),
	(2346, 14, 3, '2023-02-08'),
	(2347, 14, 4, '2023-02-08'),
	(2348, 14, 5, '2023-02-08'),
	(2349, 15, 1, '2001-01-01'),
	(2350, 15, 2, '2023-02-09'),
	(2351, 15, 3, '2023-02-09'),
	(2352, 15, 4, '2023-02-09'),
	(2353, 15, 5, '2023-02-09'),
	(2354, 16, 1, '2001-01-01'),
	(2355, 16, 2, '2023-02-10'),
	(2356, 16, 3, '2023-02-10'),
	(2357, 16, 4, '2023-02-10'),
	(2358, 16, 5, '2023-02-10'),
	(2359, 17, 1, '2001-01-01'),
	(2360, 17, 2, '2023-03-01'),
	(2361, 17, 3, '2023-03-01'),
	(2362, 17, 4, '2023-03-01'),
	(2363, 17, 5, '2023-03-01'),
	(2364, 18, 1, '2001-01-01'),
	(2365, 18, 2, '2023-03-02'),
	(2366, 18, 3, '2023-03-02'),
	(2367, 18, 4, '2023-03-02'),
	(2368, 18, 5, '2023-03-02'),
	(2369, 19, 1, '2001-01-01'),
	(2370, 19, 2, '2023-03-03'),
	(2371, 19, 3, '2023-03-03'),
	(2372, 19, 4, '2023-03-03'),
	(2373, 19, 5, '2023-03-03'),
	(2374, 20, 1, '2001-01-01'),
	(2375, 20, 2, '2023-03-04'),
	(2376, 20, 3, '2023-03-04'),
	(2377, 20, 4, '2023-03-04'),
	(2378, 20, 5, '2023-03-04'),
	(2379, 21, 1, '2001-01-01'),
	(2380, 22, 1, '2001-01-01'),
	(2381, 22, 2, '2024-12-25'),
	(2382, 23, 1, '2001-01-01'),
	(2383, 23, 2, '2023-03-05'),
	(2384, 23, 3, '2023-03-05'),
	(2385, 23, 4, '2023-03-05'),
	(2386, 23, 5, '2023-03-05'),
	(2387, 24, 1, '2001-01-01'),
	(2388, 24, 2, '2024-12-25'),
	(2389, 25, 1, '2001-01-01'),
	(2390, 25, 2, '2023-02-11'),
	(2391, 25, 3, '2023-02-11'),
	(2392, 25, 4, '2023-02-11'),
	(2393, 25, 5, '2023-02-11'),
	(2394, 26, 1, '2001-01-01'),
	(2395, 26, 2, '2023-03-06'),
	(2396, 26, 3, '2023-03-06'),
	(2397, 26, 4, '2023-03-06'),
	(2398, 26, 5, '2023-03-06'),
	(2399, 27, 1, '2001-01-01'),
	(2400, 27, 2, '2023-03-07'),
	(2401, 27, 3, '2023-03-07'),
	(2402, 27, 4, '2023-03-07'),
	(2403, 27, 5, '2023-03-07'),
	(2404, 28, 1, '2001-01-01'),
	(2405, 28, 2, '2023-03-08'),
	(2406, 28, 3, '2023-03-08'),
	(2407, 28, 4, '2023-03-08'),
	(2408, 28, 5, '2023-03-08'),
	(2409, 29, 1, '2001-01-01'),
	(2410, 29, 2, '2023-02-12'),
	(2411, 29, 3, '2023-02-12'),
	(2412, 29, 4, '2023-02-12'),
	(2413, 29, 5, '2023-02-12'),
	(2414, 30, 1, '2001-01-01'),
	(2415, 30, 2, '2023-03-09'),
	(2416, 30, 3, '2023-03-09'),
	(2417, 30, 4, '2023-03-09'),
	(2418, 30, 5, '2023-03-09'),
	(2419, 31, 1, '2001-01-01'),
	(2420, 31, 2, '2023-03-10'),
	(2421, 31, 3, '2023-03-10'),
	(2422, 31, 4, '2023-03-10'),
	(2423, 31, 5, '2023-03-10'),
	(2427, 33, 1, '2001-01-01'),
	(2428, 33, 2, '2023-03-11'),
	(2429, 33, 3, '2023-03-11'),
	(2430, 33, 4, '2023-03-11'),
	(2431, 33, 5, '2023-03-11'),
	(2432, 34, 1, '2001-01-01'),
	(2433, 34, 2, '2023-02-13'),
	(2434, 34, 3, '2023-02-13'),
	(2435, 34, 4, '2023-02-13'),
	(2436, 34, 5, '2023-02-13'),
	(2437, 35, 1, '2001-01-01'),
	(2438, 35, 2, '2024-12-25'),
	(2439, 37, 1, '2001-01-01'),
	(2440, 37, 2, '2023-02-01'),
	(2441, 37, 3, '2023-02-01'),
	(2442, 37, 4, '2023-02-01'),
	(2443, 37, 5, '2024-12-25'),
	(2444, 38, 1, '2001-01-01'),
	(2445, 38, 2, '2023-01-30'),
	(2446, 38, 3, '2023-01-30'),
	(2447, 38, 4, '2023-01-30'),
	(2448, 39, 1, '2001-01-01'),
	(2449, 39, 2, '2023-03-19'),
	(2450, 39, 3, '2023-03-19'),
	(2451, 39, 4, '2023-03-19'),
	(2452, 39, 5, '2023-03-19'),
	(2453, 41, 1, '2001-01-01'),
	(2454, 41, 2, '2023-02-14'),
	(2455, 41, 3, '2023-02-14'),
	(2456, 41, 4, '2023-02-14'),
	(2457, 41, 5, '2023-02-14'),
	(2458, 42, 1, '2001-01-01'),
	(2459, 42, 2, '2023-03-21'),
	(2460, 42, 3, '2023-03-21'),
	(2461, 42, 4, '2023-03-21'),
	(2462, 42, 5, '2023-03-21'),
	(2463, 43, 1, '2001-01-01'),
	(2464, 43, 2, '2023-01-23'),
	(2465, 43, 3, '2023-01-23'),
	(2466, 44, 1, '2001-01-01'),
	(2467, 45, 1, '2001-01-01'),
	(2468, 45, 2, '2023-03-12'),
	(2469, 45, 3, '2023-03-12'),
	(2470, 45, 4, '2023-03-12'),
	(2471, 45, 5, '2023-03-12'),
	(2472, 46, 1, '2001-01-01'),
	(2473, 46, 2, '2023-03-13'),
	(2474, 46, 3, '2023-03-13'),
	(2475, 46, 4, '2023-03-13'),
	(2476, 46, 5, '2023-03-13'),
	(2477, 47, 1, '2001-01-01'),
	(2478, 47, 2, '2023-02-15'),
	(2479, 47, 3, '2023-02-15'),
	(2480, 47, 4, '2023-02-15'),
	(2481, 47, 5, '2023-02-15'),
	(2482, 48, 1, '2001-01-01'),
	(2483, 49, 1, '2001-01-01'),
	(2484, 49, 2, '2023-01-16'),
	(2485, 49, 3, '2023-01-16'),
	(2486, 49, 4, '2024-12-25'),
	(2487, 50, 1, '2001-01-01'),
	(2488, 51, 1, '2001-01-01'),
	(2489, 51, 2, '2023-02-16'),
	(2490, 51, 3, '2023-02-16'),
	(2491, 51, 4, '2023-02-16'),
	(2492, 51, 5, '2023-02-16'),
	(2493, 52, 1, '2001-01-01'),
	(2494, 52, 2, '2023-02-17'),
	(2495, 52, 3, '2023-02-17'),
	(2496, 52, 4, '2023-02-17'),
	(2497, 52, 5, '2023-02-17'),
	(2498, 53, 1, '2001-01-01'),
	(2499, 53, 2, '2023-03-14'),
	(2500, 53, 3, '2023-03-14'),
	(2501, 53, 4, '2023-03-14'),
	(2502, 53, 5, '2023-03-14'),
	(2503, 54, 1, '2001-01-01'),
	(2504, 54, 2, '2023-03-15'),
	(2505, 54, 3, '2023-03-15'),
	(2506, 54, 4, '2023-03-15'),
	(2507, 54, 5, '2023-03-15'),
	(2508, 55, 1, '2001-01-01'),
	(2509, 55, 2, '2023-01-17'),
	(2510, 55, 3, '2023-01-17'),
	(2511, 56, 1, '2001-01-01'),
	(2512, 56, 2, '2023-02-18'),
	(2513, 56, 3, '2023-02-18'),
	(2514, 56, 4, '2023-02-18'),
	(2515, 56, 5, '2023-02-18'),
	(2516, 57, 1, '2001-01-01'),
	(2517, 57, 2, '2023-01-31'),
	(2518, 57, 3, '2023-01-31'),
	(2519, 57, 4, '2023-01-31'),
	(2520, 57, 5, '2023-01-31'),
	(2521, 58, 1, '2001-01-01'),
	(2522, 58, 2, '2023-02-26'),
	(2523, 58, 3, '2023-02-26'),
	(2524, 58, 4, '2023-02-26'),
	(2525, 58, 5, '2023-02-26'),
	(2526, 59, 1, '2001-01-01'),
	(2527, 59, 2, '2023-03-16'),
	(2528, 59, 3, '2023-03-16'),
	(2529, 59, 4, '2023-03-16'),
	(2530, 59, 5, '2023-03-16'),
	(2531, 60, 1, '2001-01-01'),
	(2532, 60, 2, '2024-12-25'),
	(2533, 62, 1, '2001-01-01'),
	(2534, 62, 2, '2023-02-19'),
	(2535, 62, 3, '2023-02-19'),
	(2536, 62, 4, '2023-02-19'),
	(2537, 62, 5, '2023-02-19'),
	(2538, 64, 1, '2001-01-01'),
	(2539, 64, 2, '2023-01-25'),
	(2540, 64, 3, '2023-01-25'),
	(2541, 65, 1, '2001-01-01'),
	(2542, 65, 2, '2023-03-17'),
	(2543, 65, 3, '2023-03-17'),
	(2544, 65, 4, '2023-03-17'),
	(2545, 65, 5, '2023-03-17'),
	(2546, 66, 1, '2001-01-01'),
	(2547, 66, 2, '2024-12-25'),
	(2548, 67, 1, '2001-01-01'),
	(2549, 67, 2, '2024-12-25'),
	(2550, 68, 1, '2001-01-01'),
	(2551, 68, 2, '2023-01-15'),
	(2552, 68, 3, '2024-12-25'),
	(2553, 71, 1, '2001-01-01'),
	(2554, 71, 2, '2024-12-25'),
	(2555, 72, 1, '2001-01-01'),
	(2556, 72, 2, '2023-02-20'),
	(2557, 72, 3, '2023-02-20'),
	(2558, 72, 4, '2023-02-20'),
	(2559, 72, 5, '2023-02-20'),
	(2560, 73, 1, '2001-01-01'),
	(2561, 73, 2, '2023-01-26'),
	(2562, 73, 3, '2023-01-26'),
	(2563, 74, 1, '2001-01-01'),
	(2564, 74, 2, '2023-01-19'),
	(2565, 74, 3, '2023-01-19'),
	(2566, 74, 4, '2024-12-25'),
	(2567, 75, 1, '2001-01-01'),
	(2568, 75, 2, '2023-02-27'),
	(2569, 75, 3, '2023-02-27'),
	(2570, 75, 4, '2023-02-27'),
	(2571, 75, 5, '2023-02-27'),
	(2572, 76, 1, '2001-01-01'),
	(2573, 76, 2, '2023-01-20'),
	(2574, 76, 3, '2023-01-20'),
	(2575, 77, 1, '2001-01-01'),
	(2576, 77, 2, '2023-02-21'),
	(2577, 77, 3, '2023-02-21'),
	(2578, 77, 4, '2023-02-21'),
	(2579, 77, 5, '2023-02-21'),
	(2580, 78, 1, '2001-01-01'),
	(2581, 78, 2, '2023-01-27'),
	(2582, 78, 3, '2023-01-27'),
	(2583, 79, 1, '2001-01-01'),
	(2584, 79, 2, '2023-02-25'),
	(2585, 79, 3, '2023-02-25'),
	(2586, 79, 4, '2023-02-25'),
	(2587, 79, 5, '2023-02-25'),
	(2588, 80, 1, '2001-01-01'),
	(2589, 80, 2, '2023-01-21'),
	(2590, 80, 3, '2023-01-21'),
	(2591, 80, 4, '2024-12-25'),
	(2592, 81, 1, '2001-01-01'),
	(2593, 81, 2, '2024-12-25'),
	(2594, 82, 1, '2001-01-01'),
	(2595, 1, 1, '2001-01-01'),
	(2596, 1, 2, '2023-01-01'),
	(2597, 1, 3, '2023-01-01'),
	(2598, 1, 4, '2023-01-01'),
	(2600, 2, 1, '2001-01-01'),
	(2601, 2, 2, '2023-01-18'),
	(2602, 2, 3, '2023-01-18'),
	(2603, 3, 1, '2001-01-01'),
	(2604, 3, 2, '2023-02-02'),
	(2605, 3, 3, '2023-02-02'),
	(2606, 3, 4, '2023-02-02'),
	(2607, 3, 5, '2023-02-02'),
	(2608, 4, 1, '2001-01-01'),
	(2609, 4, 2, '2023-03-20'),
	(2610, 4, 3, '2023-03-20'),
	(2611, 4, 4, '2023-03-20'),
	(2612, 4, 5, '2023-03-20'),
	(2613, 5, 1, '2001-01-01'),
	(2614, 5, 2, '2023-01-28'),
	(2615, 5, 3, '2023-01-28'),
	(2616, 5, 4, '2023-01-28'),
	(2617, 5, 5, '2024-12-25'),
	(2618, 6, 1, '2001-01-01'),
	(2619, 6, 2, '2023-02-03'),
	(2620, 6, 3, '2023-02-03'),
	(2621, 6, 4, '2023-02-03'),
	(2622, 6, 5, '2023-02-03'),
	(2623, 7, 1, '2001-01-01'),
	(2624, 7, 2, '2023-02-04'),
	(2625, 7, 3, '2023-02-04'),
	(2626, 7, 4, '2023-02-04'),
	(2627, 7, 5, '2023-02-04'),
	(2628, 8, 1, '2001-01-01'),
	(2629, 8, 2, '2023-02-05'),
	(2630, 8, 3, '2023-02-05'),
	(2631, 8, 4, '2023-02-05'),
	(2632, 8, 5, '2023-02-05'),
	(2633, 9, 1, '2001-01-01'),
	(2634, 9, 2, '2023-01-29'),
	(2635, 9, 3, '2023-01-29'),
	(2636, 9, 4, '2023-01-29'),
	(2637, 10, 1, '2001-01-01'),
	(2638, 10, 2, '2023-02-28'),
	(2639, 10, 3, '2023-02-28'),
	(2640, 10, 4, '2023-02-28'),
	(2641, 10, 5, '2023-02-28'),
	(2642, 11, 1, '2001-01-01'),
	(2643, 11, 2, '2023-03-18'),
	(2644, 11, 3, '2023-03-18'),
	(2645, 11, 4, '2023-03-18'),
	(2646, 11, 5, '2023-03-18'),
	(2647, 12, 1, '2001-01-01'),
	(2648, 12, 2, '2023-02-06'),
	(2649, 12, 3, '2023-02-06'),
	(2650, 12, 4, '2023-02-06'),
	(2651, 12, 5, '2023-02-06'),
	(2652, 13, 1, '2001-01-01'),
	(2653, 13, 2, '2023-02-07'),
	(2654, 13, 3, '2023-02-07'),
	(2655, 13, 4, '2023-02-07'),
	(2656, 13, 5, '2023-02-07'),
	(2657, 14, 1, '2001-01-01'),
	(2658, 14, 2, '2023-02-08'),
	(2659, 14, 3, '2023-02-08'),
	(2660, 14, 4, '2023-02-08'),
	(2661, 14, 5, '2023-02-08'),
	(2662, 15, 1, '2001-01-01'),
	(2663, 15, 2, '2023-02-09'),
	(2664, 15, 3, '2023-02-09'),
	(2665, 15, 4, '2023-02-09'),
	(2666, 15, 5, '2023-02-09'),
	(2667, 16, 1, '2001-01-01'),
	(2668, 16, 2, '2023-02-10'),
	(2669, 16, 3, '2023-02-10'),
	(2670, 16, 4, '2023-02-10'),
	(2671, 16, 5, '2023-02-10'),
	(2672, 17, 1, '2001-01-01'),
	(2673, 17, 2, '2023-03-01'),
	(2674, 17, 3, '2023-03-01'),
	(2675, 17, 4, '2023-03-01'),
	(2676, 17, 5, '2023-03-01'),
	(2677, 18, 1, '2001-01-01'),
	(2678, 18, 2, '2023-03-02'),
	(2679, 18, 3, '2023-03-02'),
	(2680, 18, 4, '2023-03-02'),
	(2681, 18, 5, '2023-03-02'),
	(2682, 19, 1, '2001-01-01'),
	(2683, 19, 2, '2023-03-03'),
	(2684, 19, 3, '2023-03-03'),
	(2685, 19, 4, '2023-03-03'),
	(2686, 19, 5, '2023-03-03'),
	(2687, 20, 1, '2001-01-01'),
	(2688, 20, 2, '2023-03-04'),
	(2689, 20, 3, '2023-03-04'),
	(2690, 20, 4, '2023-03-04'),
	(2691, 20, 5, '2023-03-04'),
	(2692, 21, 1, '2001-01-01'),
	(2693, 22, 1, '2001-01-01'),
	(2694, 22, 2, '2024-12-25'),
	(2695, 23, 1, '2001-01-01'),
	(2696, 23, 2, '2023-03-05'),
	(2697, 23, 3, '2023-03-05'),
	(2698, 23, 4, '2023-03-05'),
	(2699, 23, 5, '2023-03-05'),
	(2700, 24, 1, '2001-01-01'),
	(2701, 24, 2, '2024-12-25'),
	(2702, 25, 1, '2001-01-01'),
	(2703, 25, 2, '2023-02-11'),
	(2704, 25, 3, '2023-02-11'),
	(2705, 25, 4, '2023-02-11'),
	(2706, 25, 5, '2023-02-11'),
	(2707, 26, 1, '2001-01-01'),
	(2708, 26, 2, '2023-03-06'),
	(2709, 26, 3, '2023-03-06'),
	(2710, 26, 4, '2023-03-06'),
	(2711, 26, 5, '2023-03-06'),
	(2712, 27, 1, '2001-01-01'),
	(2713, 27, 2, '2023-03-07'),
	(2714, 27, 3, '2023-03-07'),
	(2715, 27, 4, '2023-03-07'),
	(2716, 27, 5, '2023-03-07'),
	(2717, 28, 1, '2001-01-01'),
	(2718, 28, 2, '2023-03-08'),
	(2719, 28, 3, '2023-03-08'),
	(2720, 28, 4, '2023-03-08'),
	(2721, 28, 5, '2023-03-08'),
	(2722, 29, 1, '2001-01-01'),
	(2723, 29, 2, '2023-02-12'),
	(2724, 29, 3, '2023-02-12'),
	(2725, 29, 4, '2023-02-12'),
	(2726, 29, 5, '2023-02-12'),
	(2727, 30, 1, '2001-01-01'),
	(2728, 30, 2, '2023-03-09'),
	(2729, 30, 3, '2023-03-09'),
	(2730, 30, 4, '2023-03-09'),
	(2731, 30, 5, '2023-03-09'),
	(2732, 31, 1, '2001-01-01'),
	(2733, 31, 2, '2023-03-10'),
	(2734, 31, 3, '2023-03-10'),
	(2735, 31, 4, '2023-03-10'),
	(2736, 31, 5, '2023-03-10'),
	(2740, 33, 1, '2001-01-01'),
	(2741, 33, 2, '2023-03-11'),
	(2742, 33, 3, '2023-03-11'),
	(2743, 33, 4, '2023-03-11'),
	(2744, 33, 5, '2023-03-11'),
	(2745, 34, 1, '2001-01-01'),
	(2746, 34, 2, '2023-02-13'),
	(2747, 34, 3, '2023-02-13'),
	(2748, 34, 4, '2023-02-13'),
	(2749, 34, 5, '2023-02-13'),
	(2750, 35, 1, '2001-01-01'),
	(2751, 35, 2, '2024-12-25'),
	(2752, 37, 1, '2001-01-01'),
	(2753, 37, 2, '2023-02-01'),
	(2754, 37, 3, '2023-02-01'),
	(2755, 37, 4, '2023-02-01'),
	(2756, 37, 5, '2024-12-25'),
	(2757, 38, 1, '2001-01-01'),
	(2758, 38, 2, '2023-01-30'),
	(2759, 38, 3, '2023-01-30'),
	(2760, 38, 4, '2023-01-30'),
	(2761, 39, 1, '2001-01-01'),
	(2762, 39, 2, '2023-03-19'),
	(2763, 39, 3, '2023-03-19'),
	(2764, 39, 4, '2023-03-19'),
	(2765, 39, 5, '2023-03-19'),
	(2766, 41, 1, '2001-01-01'),
	(2767, 41, 2, '2023-02-14'),
	(2768, 41, 3, '2023-02-14'),
	(2769, 41, 4, '2023-02-14'),
	(2770, 41, 5, '2023-02-14'),
	(2771, 42, 1, '2001-01-01'),
	(2772, 42, 2, '2023-03-21'),
	(2773, 42, 3, '2023-03-21'),
	(2774, 42, 4, '2023-03-21'),
	(2775, 42, 5, '2023-03-21'),
	(2776, 43, 1, '2001-01-01'),
	(2777, 43, 2, '2023-01-23'),
	(2778, 43, 3, '2023-01-23'),
	(2779, 44, 1, '2001-01-01'),
	(2780, 45, 1, '2001-01-01'),
	(2781, 45, 2, '2023-03-12'),
	(2782, 45, 3, '2023-03-12'),
	(2783, 45, 4, '2023-03-12'),
	(2784, 45, 5, '2023-03-12'),
	(2785, 46, 1, '2001-01-01'),
	(2786, 46, 2, '2023-03-13'),
	(2787, 46, 3, '2023-03-13'),
	(2788, 46, 4, '2023-03-13'),
	(2789, 46, 5, '2023-03-13'),
	(2790, 47, 1, '2001-01-01'),
	(2791, 47, 2, '2023-02-15'),
	(2792, 47, 3, '2023-02-15'),
	(2793, 47, 4, '2023-02-15'),
	(2794, 47, 5, '2023-02-15'),
	(2795, 48, 1, '2001-01-01'),
	(2796, 49, 1, '2001-01-01'),
	(2797, 49, 2, '2023-01-16'),
	(2798, 49, 3, '2023-01-16'),
	(2799, 49, 4, '2024-12-25'),
	(2800, 50, 1, '2001-01-01'),
	(2801, 51, 1, '2001-01-01'),
	(2802, 51, 2, '2023-02-16'),
	(2803, 51, 3, '2023-02-16'),
	(2804, 51, 4, '2023-02-16'),
	(2805, 51, 5, '2023-02-16'),
	(2806, 52, 1, '2001-01-01'),
	(2807, 52, 2, '2023-02-17'),
	(2808, 52, 3, '2023-02-17'),
	(2809, 52, 4, '2023-02-17'),
	(2810, 52, 5, '2023-02-17'),
	(2811, 53, 1, '2001-01-01'),
	(2812, 53, 2, '2023-03-14'),
	(2813, 53, 3, '2023-03-14'),
	(2814, 53, 4, '2023-03-14'),
	(2815, 53, 5, '2023-03-14'),
	(2816, 54, 1, '2001-01-01'),
	(2817, 54, 2, '2023-03-15'),
	(2818, 54, 3, '2023-03-15'),
	(2819, 54, 4, '2023-03-15'),
	(2820, 54, 5, '2023-03-15'),
	(2821, 55, 1, '2001-01-01'),
	(2822, 55, 2, '2023-01-17'),
	(2823, 55, 3, '2023-01-17'),
	(2824, 56, 1, '2001-01-01'),
	(2825, 56, 2, '2023-02-18'),
	(2826, 56, 3, '2023-02-18'),
	(2827, 56, 4, '2023-02-18'),
	(2828, 56, 5, '2023-02-18'),
	(2829, 57, 1, '2001-01-01'),
	(2830, 57, 2, '2023-01-31'),
	(2831, 57, 3, '2023-01-31'),
	(2832, 57, 4, '2023-01-31'),
	(2833, 57, 5, '2023-01-31'),
	(2834, 58, 1, '2001-01-01'),
	(2835, 58, 2, '2023-02-26'),
	(2836, 58, 3, '2023-02-26'),
	(2837, 58, 4, '2023-02-26'),
	(2838, 58, 5, '2023-02-26'),
	(2839, 59, 1, '2001-01-01'),
	(2840, 59, 2, '2023-03-16'),
	(2841, 59, 3, '2023-03-16'),
	(2842, 59, 4, '2023-03-16'),
	(2843, 59, 5, '2023-03-16'),
	(2844, 60, 1, '2001-01-01'),
	(2845, 60, 2, '2024-12-25'),
	(2846, 62, 1, '2001-01-01'),
	(2847, 62, 2, '2023-02-19'),
	(2848, 62, 3, '2023-02-19'),
	(2849, 62, 4, '2023-02-19'),
	(2850, 62, 5, '2023-02-19'),
	(2851, 64, 1, '2001-01-01'),
	(2852, 64, 2, '2023-01-25'),
	(2853, 64, 3, '2023-01-25'),
	(2854, 65, 1, '2001-01-01'),
	(2855, 65, 2, '2023-03-17'),
	(2856, 65, 3, '2023-03-17'),
	(2857, 65, 4, '2023-03-17'),
	(2858, 65, 5, '2023-03-17'),
	(2859, 66, 1, '2001-01-01'),
	(2860, 66, 2, '2024-12-25'),
	(2861, 67, 1, '2001-01-01'),
	(2862, 67, 2, '2024-12-25'),
	(2863, 68, 1, '2001-01-01'),
	(2864, 68, 2, '2023-01-15'),
	(2865, 68, 3, '2024-12-25'),
	(2866, 71, 1, '2001-01-01'),
	(2867, 71, 2, '2024-12-25'),
	(2868, 72, 1, '2001-01-01'),
	(2869, 72, 2, '2023-02-20'),
	(2870, 72, 3, '2023-02-20'),
	(2871, 72, 4, '2023-02-20'),
	(2872, 72, 5, '2023-02-20'),
	(2873, 73, 1, '2001-01-01'),
	(2874, 73, 2, '2023-01-26'),
	(2875, 73, 3, '2023-01-26'),
	(2876, 74, 1, '2001-01-01'),
	(2877, 74, 2, '2023-01-19'),
	(2878, 74, 3, '2023-01-19'),
	(2879, 74, 4, '2024-12-25'),
	(2880, 75, 1, '2001-01-01'),
	(2881, 75, 2, '2023-02-27'),
	(2882, 75, 3, '2023-02-27'),
	(2883, 75, 4, '2023-02-27'),
	(2884, 75, 5, '2023-02-27'),
	(2885, 76, 1, '2001-01-01'),
	(2886, 76, 2, '2023-01-20'),
	(2887, 76, 3, '2023-01-20'),
	(2888, 77, 1, '2001-01-01'),
	(2889, 77, 2, '2023-02-21'),
	(2890, 77, 3, '2023-02-21'),
	(2891, 77, 4, '2023-02-21'),
	(2892, 77, 5, '2023-02-21'),
	(2893, 78, 1, '2001-01-01'),
	(2894, 78, 2, '2023-01-27'),
	(2895, 78, 3, '2023-01-27'),
	(2896, 79, 1, '2001-01-01'),
	(2897, 79, 2, '2023-02-25'),
	(2898, 79, 3, '2023-02-25'),
	(2899, 79, 4, '2023-02-25'),
	(2900, 79, 5, '2023-02-25'),
	(2901, 80, 1, '2001-01-01'),
	(2902, 80, 2, '2023-01-21'),
	(2903, 80, 3, '2023-01-21'),
	(2904, 80, 4, '2024-12-25'),
	(2905, 81, 1, '2001-01-01'),
	(2906, 81, 2, '2024-12-25'),
	(2907, 82, 1, NULL),
	(2908, 1, 1, '2001-01-01'),
	(2909, 1, 2, '2023-01-01'),
	(2910, 1, 3, '2023-01-01'),
	(2911, 1, 4, '2023-01-01'),
	(2912, 2, 1, '2001-01-01'),
	(2913, 2, 2, '2023-01-18'),
	(2914, 2, 3, '2023-01-18'),
	(2915, 3, 1, '2001-01-01'),
	(2916, 3, 2, '2023-02-02'),
	(2917, 3, 3, '2023-02-02'),
	(2918, 3, 4, '2023-02-02'),
	(2919, 3, 5, '2023-02-02'),
	(2920, 4, 1, '2001-01-01'),
	(2921, 4, 2, '2023-03-20'),
	(2922, 4, 3, '2023-03-20'),
	(2923, 4, 4, '2023-03-20'),
	(2924, 4, 5, '2023-03-20'),
	(2925, 5, 1, '2001-01-01'),
	(2926, 5, 2, '2023-01-28'),
	(2927, 5, 3, '2023-01-28'),
	(2928, 5, 4, '2023-01-28'),
	(2929, 5, 5, '2024-12-25'),
	(2930, 6, 1, '2001-01-01'),
	(2931, 6, 2, '2023-02-03'),
	(2932, 6, 3, '2023-02-03'),
	(2933, 6, 4, '2023-02-03'),
	(2934, 6, 5, '2023-02-03'),
	(2935, 7, 1, '2001-01-01'),
	(2936, 7, 2, '2023-02-04'),
	(2937, 7, 3, '2023-02-04'),
	(2938, 7, 4, '2023-02-04'),
	(2939, 7, 5, '2023-02-04'),
	(2940, 8, 1, '2001-01-01'),
	(2941, 8, 2, '2023-02-05'),
	(2942, 8, 3, '2023-02-05'),
	(2943, 8, 4, '2023-02-05'),
	(2944, 8, 5, '2023-02-05'),
	(2945, 9, 1, '2001-01-01'),
	(2946, 9, 2, '2023-01-29'),
	(2947, 9, 3, '2023-01-29'),
	(2948, 9, 4, '2023-01-29'),
	(2949, 10, 1, '2001-01-01'),
	(2950, 10, 2, '2023-02-28'),
	(2951, 10, 3, '2023-02-28'),
	(2952, 10, 4, '2023-02-28'),
	(2953, 10, 5, '2023-02-28'),
	(2954, 11, 1, '2001-01-01'),
	(2955, 11, 2, '2023-03-18'),
	(2956, 11, 3, '2023-03-18'),
	(2957, 11, 4, '2023-03-18'),
	(2958, 11, 5, '2023-03-18'),
	(2959, 12, 1, '2001-01-01'),
	(2960, 12, 2, '2023-02-06'),
	(2961, 12, 3, '2023-02-06'),
	(2962, 12, 4, '2023-02-06'),
	(2963, 12, 5, '2023-02-06'),
	(2964, 13, 1, '2001-01-01'),
	(2965, 13, 2, '2023-02-07'),
	(2966, 13, 3, '2023-02-07'),
	(2967, 13, 4, '2023-02-07'),
	(2968, 13, 5, '2023-02-07'),
	(2969, 14, 1, '2001-01-01'),
	(2970, 14, 2, '2023-02-08'),
	(2971, 14, 3, '2023-02-08'),
	(2972, 14, 4, '2023-02-08'),
	(2973, 14, 5, '2023-02-08'),
	(2974, 15, 1, '2001-01-01'),
	(2975, 15, 2, '2023-02-09'),
	(2976, 15, 3, '2023-02-09'),
	(2977, 15, 4, '2023-02-09'),
	(2978, 15, 5, '2023-02-09'),
	(2979, 16, 1, '2001-01-01'),
	(2980, 16, 2, '2023-02-10'),
	(2981, 16, 3, '2023-02-10'),
	(2982, 16, 4, '2023-02-10'),
	(2983, 16, 5, '2023-02-10'),
	(2984, 17, 1, '2001-01-01'),
	(2985, 17, 2, '2023-03-01'),
	(2986, 17, 3, '2023-03-01'),
	(2987, 17, 4, '2023-03-01'),
	(2988, 17, 5, '2023-03-01'),
	(2989, 18, 1, '2001-01-01'),
	(2990, 18, 2, '2023-03-02'),
	(2991, 18, 3, '2023-03-02'),
	(2992, 18, 4, '2023-03-02'),
	(2993, 18, 5, '2023-03-02'),
	(2994, 19, 1, '2001-01-01'),
	(2995, 19, 2, '2023-03-03'),
	(2996, 19, 3, '2023-03-03'),
	(2997, 19, 4, '2023-03-03'),
	(2998, 19, 5, '2023-03-03'),
	(2999, 20, 1, '2001-01-01'),
	(3000, 20, 2, '2023-03-04'),
	(3001, 20, 3, '2023-03-04'),
	(3002, 20, 4, '2023-03-04'),
	(3003, 20, 5, '2023-03-04'),
	(3004, 21, 1, '2001-01-01'),
	(3005, 22, 1, '2001-01-01'),
	(3006, 22, 2, '2024-12-25'),
	(3007, 23, 1, '2001-01-01'),
	(3008, 23, 2, '2023-03-05'),
	(3009, 23, 3, '2023-03-05'),
	(3010, 23, 4, '2023-03-05'),
	(3011, 23, 5, '2023-03-05'),
	(3012, 24, 1, '2001-01-01'),
	(3013, 24, 2, '2024-12-25'),
	(3014, 25, 1, '2001-01-01'),
	(3015, 25, 2, '2023-02-11'),
	(3016, 25, 3, '2023-02-11'),
	(3017, 25, 4, '2023-02-11'),
	(3018, 25, 5, '2023-02-11'),
	(3019, 26, 1, '2001-01-01'),
	(3020, 26, 2, '2023-03-06'),
	(3021, 26, 3, '2023-03-06'),
	(3022, 26, 4, '2023-03-06'),
	(3023, 26, 5, '2023-03-06'),
	(3024, 27, 1, '2001-01-01'),
	(3025, 27, 2, '2023-03-07'),
	(3026, 27, 3, '2023-03-07'),
	(3027, 27, 4, '2023-03-07'),
	(3028, 27, 5, '2023-03-07'),
	(3029, 28, 1, '2001-01-01'),
	(3030, 28, 2, '2023-03-08'),
	(3031, 28, 3, '2023-03-08'),
	(3032, 28, 4, '2023-03-08'),
	(3033, 28, 5, '2023-03-08'),
	(3034, 29, 1, '2001-01-01'),
	(3035, 29, 2, '2023-02-12'),
	(3036, 29, 3, '2023-02-12'),
	(3037, 29, 4, '2023-02-12'),
	(3038, 29, 5, '2023-02-12'),
	(3039, 30, 1, '2001-01-01'),
	(3040, 30, 2, '2023-03-09'),
	(3041, 30, 3, '2023-03-09'),
	(3042, 30, 4, '2023-03-09'),
	(3043, 30, 5, '2023-03-09'),
	(3044, 31, 1, '2001-01-01'),
	(3045, 31, 2, '2023-03-10'),
	(3046, 31, 3, '2023-03-10'),
	(3047, 31, 4, '2023-03-10'),
	(3048, 31, 5, '2023-03-10'),
	(3052, 33, 1, '2001-01-01'),
	(3053, 33, 2, '2023-03-11'),
	(3054, 33, 3, '2023-03-11'),
	(3055, 33, 4, '2023-03-11'),
	(3056, 33, 5, '2023-03-11'),
	(3057, 34, 1, '2001-01-01'),
	(3058, 34, 2, '2023-02-13'),
	(3059, 34, 3, '2023-02-13'),
	(3060, 34, 4, '2023-02-13'),
	(3061, 34, 5, '2023-02-13'),
	(3062, 35, 1, '2001-01-01'),
	(3063, 35, 2, '2024-12-25'),
	(3064, 37, 1, '2001-01-01'),
	(3065, 37, 2, '2023-02-01'),
	(3066, 37, 3, '2023-02-01'),
	(3067, 37, 4, '2023-02-01'),
	(3068, 37, 5, '2024-12-25'),
	(3069, 38, 1, '2001-01-01'),
	(3070, 38, 2, '2023-01-30'),
	(3071, 38, 3, '2023-01-30'),
	(3072, 38, 4, '2023-01-30'),
	(3073, 39, 1, '2001-01-01'),
	(3074, 39, 2, '2023-03-19'),
	(3075, 39, 3, '2023-03-19'),
	(3076, 39, 4, '2023-03-19'),
	(3077, 39, 5, '2023-03-19'),
	(3078, 41, 1, '2001-01-01'),
	(3079, 41, 2, '2023-02-14'),
	(3080, 41, 3, '2023-02-14'),
	(3081, 41, 4, '2023-02-14'),
	(3082, 41, 5, '2023-02-14'),
	(3083, 42, 1, '2001-01-01'),
	(3084, 42, 2, '2023-03-21'),
	(3085, 42, 3, '2023-03-21'),
	(3086, 42, 4, '2023-03-21'),
	(3087, 42, 5, '2023-03-21'),
	(3088, 43, 1, '2001-01-01'),
	(3089, 43, 2, '2023-01-23'),
	(3090, 43, 3, '2023-01-23'),
	(3091, 44, 1, '2001-01-01'),
	(3092, 45, 1, '2001-01-01'),
	(3093, 45, 2, '2023-03-12'),
	(3094, 45, 3, '2023-03-12'),
	(3095, 45, 4, '2023-03-12'),
	(3096, 45, 5, '2023-03-12'),
	(3097, 46, 1, '2001-01-01'),
	(3098, 46, 2, '2023-03-13'),
	(3099, 46, 3, '2023-03-13'),
	(3100, 46, 4, '2023-03-13'),
	(3101, 46, 5, '2023-03-13'),
	(3102, 47, 1, '2001-01-01'),
	(3103, 47, 2, '2023-02-15'),
	(3104, 47, 3, '2023-02-15'),
	(3105, 47, 4, '2023-02-15'),
	(3106, 47, 5, '2023-02-15'),
	(3107, 48, 1, '2001-01-01'),
	(3108, 49, 1, '2001-01-01'),
	(3109, 49, 2, '2023-01-16'),
	(3110, 49, 3, '2023-01-16'),
	(3111, 49, 4, '2024-12-25'),
	(3112, 50, 1, '2001-01-01'),
	(3113, 51, 1, '2001-01-01'),
	(3114, 51, 2, '2023-02-16'),
	(3115, 51, 3, '2023-02-16'),
	(3116, 51, 4, '2023-02-16'),
	(3117, 51, 5, '2023-02-16'),
	(3118, 52, 1, '2001-01-01'),
	(3119, 52, 2, '2023-02-17'),
	(3120, 52, 3, '2023-02-17'),
	(3121, 52, 4, '2023-02-17'),
	(3122, 52, 5, '2023-02-17'),
	(3123, 53, 1, '2001-01-01'),
	(3124, 53, 2, '2023-03-14'),
	(3125, 53, 3, '2023-03-14'),
	(3126, 53, 4, '2023-03-14'),
	(3127, 53, 5, '2023-03-14'),
	(3128, 54, 1, '2001-01-01'),
	(3129, 54, 2, '2023-03-15'),
	(3130, 54, 3, '2023-03-15'),
	(3131, 54, 4, '2023-03-15'),
	(3132, 54, 5, '2023-03-15'),
	(3133, 55, 1, '2001-01-01'),
	(3134, 55, 2, '2023-01-17'),
	(3135, 55, 3, '2023-01-17'),
	(3136, 56, 1, '2001-01-01'),
	(3137, 56, 2, '2023-02-18'),
	(3138, 56, 3, '2023-02-18'),
	(3139, 56, 4, '2023-02-18'),
	(3140, 56, 5, '2023-02-18'),
	(3141, 57, 1, '2001-01-01'),
	(3142, 57, 2, '2023-01-31'),
	(3143, 57, 3, '2023-01-31'),
	(3144, 57, 4, '2023-01-31'),
	(3145, 57, 5, '2023-01-31'),
	(3146, 58, 1, '2001-01-01'),
	(3147, 58, 2, '2023-02-26'),
	(3148, 58, 3, '2023-02-26'),
	(3149, 58, 4, '2023-02-26'),
	(3150, 58, 5, '2023-02-26'),
	(3151, 59, 1, '2001-01-01'),
	(3152, 59, 2, '2023-03-16'),
	(3153, 59, 3, '2023-03-16'),
	(3154, 59, 4, '2023-03-16'),
	(3155, 59, 5, '2023-03-16'),
	(3156, 60, 1, '2001-01-01'),
	(3157, 60, 2, '2024-12-25'),
	(3158, 62, 1, '2001-01-01'),
	(3159, 62, 2, '2023-02-19'),
	(3160, 62, 3, '2023-02-19'),
	(3161, 62, 4, '2023-02-19'),
	(3162, 62, 5, '2023-02-19'),
	(3163, 64, 1, '2001-01-01'),
	(3164, 64, 2, '2023-01-25'),
	(3165, 64, 3, '2023-01-25'),
	(3166, 65, 1, '2001-01-01'),
	(3167, 65, 2, '2023-03-17'),
	(3168, 65, 3, '2023-03-17'),
	(3169, 65, 4, '2023-03-17'),
	(3170, 65, 5, '2023-03-17'),
	(3171, 66, 1, '2001-01-01'),
	(3172, 66, 2, '2024-12-25'),
	(3173, 67, 1, '2001-01-01'),
	(3174, 67, 2, '2024-12-25'),
	(3175, 68, 1, '2001-01-01'),
	(3176, 68, 2, '2023-01-15'),
	(3177, 68, 3, '2024-12-25'),
	(3178, 71, 1, '2001-01-01'),
	(3179, 71, 2, '2024-12-25'),
	(3180, 72, 1, '2001-01-01'),
	(3181, 72, 2, '2023-02-20'),
	(3182, 72, 3, '2023-02-20'),
	(3183, 72, 4, '2023-02-20'),
	(3184, 72, 5, '2023-02-20'),
	(3185, 73, 1, '2001-01-01'),
	(3186, 73, 2, '2023-01-26'),
	(3187, 73, 3, '2023-01-26'),
	(3188, 74, 1, '2001-01-01'),
	(3189, 74, 2, '2023-01-19'),
	(3190, 74, 3, '2023-01-19'),
	(3191, 74, 4, '2024-12-25'),
	(3192, 75, 1, '2001-01-01'),
	(3193, 75, 2, '2023-02-27'),
	(3194, 75, 3, '2023-02-27'),
	(3195, 75, 4, '2023-02-27'),
	(3196, 75, 5, '2023-02-27'),
	(3197, 76, 1, '2001-01-01'),
	(3198, 76, 2, '2023-01-20'),
	(3199, 76, 3, '2023-01-20'),
	(3200, 77, 1, '2001-01-01'),
	(3201, 77, 2, '2023-02-21'),
	(3202, 77, 3, '2023-02-21'),
	(3203, 77, 4, '2023-02-21'),
	(3204, 77, 5, '2023-02-21'),
	(3205, 78, 1, '2001-01-01'),
	(3206, 78, 2, '2023-01-27'),
	(3207, 78, 3, '2023-01-27'),
	(3208, 79, 1, '2001-01-01'),
	(3209, 79, 2, '2023-02-25'),
	(3210, 79, 3, '2023-02-25'),
	(3211, 79, 4, '2023-02-25'),
	(3212, 79, 5, '2023-02-25'),
	(3213, 80, 1, '2001-01-01'),
	(3214, 80, 2, '2023-01-21'),
	(3215, 80, 3, '2023-01-21'),
	(3216, 80, 4, '2024-12-25'),
	(3217, 81, 1, '2001-01-01'),
	(3218, 81, 2, '2024-12-25'),
	(3219, 82, 1, '2001-01-01'),
	(3220, 1, 1, '2024-12-26'),
	(3221, 1, 2, '2023-01-01'),
	(3222, 1, 3, '2023-01-01'),
	(3223, 1, 4, '2023-01-01'),
	(3224, 2, 1, '2001-01-01'),
	(3225, 2, 2, '2023-01-18'),
	(3226, 2, 3, '2023-01-18'),
	(3227, 3, 1, '2001-01-01'),
	(3228, 3, 2, '2023-02-02'),
	(3229, 3, 3, '2023-02-02'),
	(3230, 3, 4, '2023-02-02'),
	(3231, 3, 5, '2023-02-02'),
	(3232, 4, 1, '2001-01-01'),
	(3233, 4, 2, '2023-03-20'),
	(3234, 4, 3, '2023-03-20'),
	(3235, 4, 4, '2023-03-20'),
	(3236, 4, 5, '2023-03-20'),
	(3237, 5, 1, '2001-01-01'),
	(3238, 5, 2, '2023-01-28'),
	(3239, 5, 3, '2023-01-28'),
	(3240, 5, 4, '2023-01-28'),
	(3241, 5, 5, '2024-12-25'),
	(3242, 6, 1, '2001-01-01'),
	(3243, 6, 2, '2023-02-03'),
	(3244, 6, 3, '2023-02-03'),
	(3245, 6, 4, '2023-02-03'),
	(3246, 6, 5, '2023-02-03'),
	(3247, 7, 1, '2001-01-01'),
	(3248, 7, 2, '2023-02-04'),
	(3249, 7, 3, '2023-02-04'),
	(3250, 7, 4, '2023-02-04'),
	(3251, 7, 5, '2023-02-04'),
	(3252, 8, 1, '2001-01-01'),
	(3253, 8, 2, '2023-02-05'),
	(3254, 8, 3, '2023-02-05'),
	(3255, 8, 4, '2023-02-05'),
	(3256, 8, 5, '2023-02-05'),
	(3257, 9, 1, '2001-01-01'),
	(3258, 9, 2, '2023-01-29'),
	(3259, 9, 3, '2023-01-29'),
	(3260, 9, 4, '2023-01-29'),
	(3261, 10, 1, '2001-01-01'),
	(3262, 10, 2, '2023-02-28'),
	(3263, 10, 3, '2023-02-28'),
	(3264, 10, 4, '2023-02-28'),
	(3265, 10, 5, '2023-02-28'),
	(3266, 11, 1, '2001-01-01'),
	(3267, 11, 2, '2023-03-18'),
	(3268, 11, 3, '2023-03-18'),
	(3269, 11, 4, '2023-03-18'),
	(3270, 11, 5, '2023-03-18'),
	(3271, 12, 1, '2001-01-01'),
	(3272, 12, 2, '2023-02-06'),
	(3273, 12, 3, '2023-02-06'),
	(3274, 12, 4, '2023-02-06'),
	(3275, 12, 5, '2023-02-06'),
	(3276, 13, 1, '2001-01-01'),
	(3277, 13, 2, '2023-02-07'),
	(3278, 13, 3, '2023-02-07'),
	(3279, 13, 4, '2023-02-07'),
	(3280, 13, 5, '2023-02-07'),
	(3281, 14, 1, '2001-01-01'),
	(3282, 14, 2, '2023-02-08'),
	(3283, 14, 3, '2023-02-08'),
	(3284, 14, 4, '2023-02-08'),
	(3285, 14, 5, '2023-02-08'),
	(3286, 15, 1, '2001-01-01'),
	(3287, 15, 2, '2023-02-09'),
	(3288, 15, 3, '2023-02-09'),
	(3289, 15, 4, '2023-02-09'),
	(3290, 15, 5, '2023-02-09'),
	(3291, 16, 1, '2001-01-01'),
	(3292, 16, 2, '2023-02-10'),
	(3293, 16, 3, '2023-02-10'),
	(3294, 16, 4, '2023-02-10'),
	(3295, 16, 5, '2023-02-10'),
	(3296, 17, 1, '2001-01-01'),
	(3297, 17, 2, '2023-03-01'),
	(3298, 17, 3, '2023-03-01'),
	(3299, 17, 4, '2023-03-01'),
	(3300, 17, 5, '2023-03-01'),
	(3301, 18, 1, '2001-01-01'),
	(3302, 18, 2, '2023-03-02'),
	(3303, 18, 3, '2023-03-02'),
	(3304, 18, 4, '2023-03-02'),
	(3305, 18, 5, '2023-03-02'),
	(3306, 19, 1, '2001-01-01'),
	(3307, 19, 2, '2023-03-03'),
	(3308, 19, 3, '2023-03-03'),
	(3309, 19, 4, '2023-03-03'),
	(3310, 19, 5, '2023-03-03'),
	(3311, 20, 1, '2001-01-01'),
	(3312, 20, 2, '2023-03-04'),
	(3313, 20, 3, '2023-03-04'),
	(3314, 20, 4, '2023-03-04'),
	(3315, 20, 5, '2023-03-04'),
	(3316, 21, 1, '2001-01-01'),
	(3317, 22, 1, '2001-01-01'),
	(3318, 22, 2, '2024-12-25'),
	(3319, 23, 1, '2001-01-01'),
	(3320, 23, 2, '2023-03-05'),
	(3321, 23, 3, '2023-03-05'),
	(3322, 23, 4, '2023-03-05'),
	(3323, 23, 5, '2023-03-05'),
	(3324, 24, 1, '2001-01-01'),
	(3325, 24, 2, '2024-12-25'),
	(3326, 25, 1, '2001-01-01'),
	(3327, 25, 2, '2023-02-11'),
	(3328, 25, 3, '2023-02-11'),
	(3329, 25, 4, '2023-02-11'),
	(3330, 25, 5, '2023-02-11'),
	(3331, 26, 1, '2001-01-01'),
	(3332, 26, 2, '2023-03-06'),
	(3333, 26, 3, '2023-03-06'),
	(3334, 26, 4, '2023-03-06'),
	(3335, 26, 5, '2023-03-06'),
	(3336, 27, 1, '2001-01-01'),
	(3337, 27, 2, '2023-03-07'),
	(3338, 27, 3, '2023-03-07'),
	(3339, 27, 4, '2023-03-07'),
	(3340, 27, 5, '2023-03-07'),
	(3341, 28, 1, '2001-01-01'),
	(3342, 28, 2, '2023-03-08'),
	(3343, 28, 3, '2023-03-08'),
	(3344, 28, 4, '2023-03-08'),
	(3345, 28, 5, '2023-03-08'),
	(3346, 29, 1, '2001-01-01'),
	(3347, 29, 2, '2023-02-12'),
	(3348, 29, 3, '2023-02-12'),
	(3349, 29, 4, '2023-02-12'),
	(3350, 29, 5, '2023-02-12'),
	(3351, 30, 1, '2001-01-01'),
	(3352, 30, 2, '2023-03-09'),
	(3353, 30, 3, '2023-03-09'),
	(3354, 30, 4, '2023-03-09'),
	(3355, 30, 5, '2023-03-09'),
	(3356, 31, 1, '2001-01-01'),
	(3357, 31, 2, '2023-03-10'),
	(3358, 31, 3, '2023-03-10'),
	(3359, 31, 4, '2023-03-10'),
	(3360, 31, 5, '2023-03-10'),
	(3364, 33, 1, '2001-01-01'),
	(3365, 33, 2, '2023-03-11'),
	(3366, 33, 3, '2023-03-11'),
	(3367, 33, 4, '2023-03-11'),
	(3368, 33, 5, '2023-03-11'),
	(3369, 34, 1, '2001-01-01'),
	(3370, 34, 2, '2023-02-13'),
	(3371, 34, 3, '2023-02-13'),
	(3372, 34, 4, '2023-02-13'),
	(3373, 34, 5, '2023-02-13'),
	(3374, 35, 1, '2001-01-01'),
	(3375, 35, 2, '2024-12-25'),
	(3376, 37, 1, '2001-01-01'),
	(3377, 37, 2, '2023-02-01'),
	(3378, 37, 3, '2023-02-01'),
	(3379, 37, 4, '2023-02-01'),
	(3380, 37, 5, '2024-12-25'),
	(3381, 38, 1, '2001-01-01'),
	(3382, 38, 2, '2023-01-30'),
	(3383, 38, 3, '2023-01-30'),
	(3384, 38, 4, '2023-01-30'),
	(3385, 39, 1, '2001-01-01'),
	(3386, 39, 2, '2023-03-19'),
	(3387, 39, 3, '2023-03-19'),
	(3388, 39, 4, '2023-03-19'),
	(3389, 39, 5, '2023-03-19'),
	(3390, 41, 1, '2001-01-01'),
	(3391, 41, 2, '2023-02-14'),
	(3392, 41, 3, '2023-02-14'),
	(3393, 41, 4, '2023-02-14'),
	(3394, 41, 5, '2023-02-14'),
	(3395, 42, 1, '2001-01-01'),
	(3396, 42, 2, '2023-03-21'),
	(3397, 42, 3, '2023-03-21'),
	(3398, 42, 4, '2023-03-21'),
	(3399, 42, 5, '2023-03-21'),
	(3400, 43, 1, '2001-01-01'),
	(3401, 43, 2, '2023-01-23'),
	(3402, 43, 3, '2023-01-23'),
	(3403, 44, 1, '2001-01-01'),
	(3404, 45, 1, '2001-01-01'),
	(3405, 45, 2, '2023-03-12'),
	(3406, 45, 3, '2023-03-12'),
	(3407, 45, 4, '2023-03-12'),
	(3408, 45, 5, '2023-03-12'),
	(3409, 46, 1, '2001-01-01'),
	(3410, 46, 2, '2023-03-13'),
	(3411, 46, 3, '2023-03-13'),
	(3412, 46, 4, '2023-03-13'),
	(3413, 46, 5, '2023-03-13'),
	(3414, 47, 1, '2001-01-01'),
	(3415, 47, 2, '2023-02-15'),
	(3416, 47, 3, '2023-02-15'),
	(3417, 47, 4, '2023-02-15'),
	(3418, 47, 5, '2023-02-15'),
	(3419, 48, 1, '2001-01-01'),
	(3420, 49, 1, '2001-01-01'),
	(3421, 49, 2, '2023-01-16'),
	(3422, 49, 3, '2023-01-16'),
	(3423, 49, 4, '2024-12-25'),
	(3424, 50, 1, '2001-01-01'),
	(3425, 51, 1, '2001-01-01'),
	(3426, 51, 2, '2023-02-16'),
	(3427, 51, 3, '2023-02-16'),
	(3428, 51, 4, '2023-02-16'),
	(3429, 51, 5, '2023-02-16'),
	(3430, 52, 1, '2001-01-01'),
	(3431, 52, 2, '2023-02-17'),
	(3432, 52, 3, '2023-02-17'),
	(3433, 52, 4, '2023-02-17'),
	(3434, 52, 5, '2023-02-17'),
	(3435, 53, 1, '2001-01-01'),
	(3436, 53, 2, '2023-03-14'),
	(3437, 53, 3, '2023-03-14'),
	(3438, 53, 4, '2023-03-14'),
	(3439, 53, 5, '2023-03-14'),
	(3440, 54, 1, '2001-01-01'),
	(3441, 54, 2, '2023-03-15'),
	(3442, 54, 3, '2023-03-15'),
	(3443, 54, 4, '2023-03-15'),
	(3444, 54, 5, '2023-03-15'),
	(3445, 55, 1, '2001-01-01'),
	(3446, 55, 2, '2023-01-17'),
	(3447, 55, 3, '2023-01-17'),
	(3448, 56, 1, '2001-01-01'),
	(3449, 56, 2, '2023-02-18'),
	(3450, 56, 3, '2023-02-18'),
	(3451, 56, 4, '2023-02-18'),
	(3452, 56, 5, '2023-02-18'),
	(3453, 57, 1, '2001-01-01'),
	(3454, 57, 2, '2023-01-31'),
	(3455, 57, 3, '2023-01-31'),
	(3456, 57, 4, '2023-01-31'),
	(3457, 57, 5, '2023-01-31'),
	(3458, 58, 1, '2001-01-01'),
	(3459, 58, 2, '2023-02-26'),
	(3460, 58, 3, '2023-02-26'),
	(3461, 58, 4, '2023-02-26'),
	(3462, 58, 5, '2023-02-26'),
	(3463, 59, 1, '2001-01-01'),
	(3464, 59, 2, '2023-03-16'),
	(3465, 59, 3, '2023-03-16'),
	(3466, 59, 4, '2023-03-16'),
	(3467, 59, 5, '2023-03-16'),
	(3468, 60, 1, '2001-01-01'),
	(3469, 60, 2, '2024-12-25'),
	(3470, 62, 1, '2001-01-01'),
	(3471, 62, 2, '2023-02-19'),
	(3472, 62, 3, '2023-02-19'),
	(3473, 62, 4, '2023-02-19'),
	(3474, 62, 5, '2023-02-19'),
	(3475, 64, 1, '2001-01-01'),
	(3476, 64, 2, '2023-01-25'),
	(3477, 64, 3, '2023-01-25'),
	(3478, 65, 1, '2001-01-01'),
	(3479, 65, 2, '2023-03-17'),
	(3480, 65, 3, '2023-03-17'),
	(3481, 65, 4, '2023-03-17'),
	(3482, 65, 5, '2023-03-17'),
	(3483, 66, 1, '2001-01-01'),
	(3484, 66, 2, '2024-12-25'),
	(3485, 67, 1, '2001-01-01'),
	(3486, 67, 2, '2024-12-25'),
	(3487, 68, 1, '2001-01-01'),
	(3488, 68, 2, '2023-01-15'),
	(3489, 68, 3, '2024-12-25'),
	(3490, 71, 1, '2001-01-01'),
	(3491, 71, 2, '2024-12-25'),
	(3492, 72, 1, '2001-01-01'),
	(3493, 72, 2, '2023-02-20'),
	(3494, 72, 3, '2023-02-20'),
	(3495, 72, 4, '2023-02-20'),
	(3496, 72, 5, '2023-02-20'),
	(3497, 73, 1, '2001-01-01'),
	(3498, 73, 2, '2023-01-26'),
	(3499, 73, 3, '2023-01-26'),
	(3500, 74, 1, '2001-01-01'),
	(3501, 74, 2, '2023-01-19'),
	(3502, 74, 3, '2023-01-19'),
	(3503, 74, 4, '2024-12-25'),
	(3504, 75, 1, '2001-01-01'),
	(3505, 75, 2, '2023-02-27'),
	(3506, 75, 3, '2023-02-27'),
	(3507, 75, 4, '2023-02-27'),
	(3508, 75, 5, '2023-02-27'),
	(3509, 76, 1, '2001-01-01'),
	(3510, 76, 2, '2023-01-20'),
	(3511, 76, 3, '2023-01-20'),
	(3512, 77, 1, '2001-01-01'),
	(3513, 77, 2, '2023-02-21'),
	(3514, 77, 3, '2023-02-21'),
	(3515, 77, 4, '2023-02-21'),
	(3516, 77, 5, '2023-02-21'),
	(3517, 78, 1, '2001-01-01'),
	(3518, 78, 2, '2023-01-27'),
	(3519, 78, 3, '2023-01-27'),
	(3520, 79, 1, '2001-01-01'),
	(3521, 79, 2, '2023-02-25'),
	(3522, 79, 3, '2023-02-25'),
	(3523, 79, 4, '2023-02-25'),
	(3524, 79, 5, '2023-02-25'),
	(3525, 80, 1, '2001-01-01'),
	(3526, 80, 2, '2023-01-21'),
	(3527, 80, 3, '2023-01-21'),
	(3528, 80, 4, '2024-12-25'),
	(3529, 81, 1, '2001-01-01'),
	(3530, 81, 2, '2024-12-25'),
	(3531, 82, 1, '2001-01-01'),
	(3532, 1, 1, '2001-01-01'),
	(3533, 1, 2, '2023-01-01'),
	(3534, 1, 3, '2023-01-01'),
	(3535, 1, 4, '2023-01-01'),
	(3536, 2, 1, '2001-01-01'),
	(3537, 2, 2, '2023-01-18'),
	(3538, 2, 3, '2023-01-18'),
	(3539, 3, 1, '2001-01-01'),
	(3540, 3, 2, '2023-02-02'),
	(3541, 3, 3, '2023-02-02'),
	(3542, 3, 4, '2023-02-02'),
	(3543, 3, 5, '2023-02-02'),
	(3544, 4, 1, '2001-01-01'),
	(3545, 4, 2, '2023-03-20'),
	(3546, 4, 3, '2023-03-20'),
	(3547, 4, 4, '2023-03-20'),
	(3548, 4, 5, '2023-03-20'),
	(3549, 5, 1, '2001-01-01'),
	(3550, 5, 2, '2023-01-28'),
	(3551, 5, 3, '2023-01-28'),
	(3552, 5, 4, '2023-01-28'),
	(3553, 5, 5, '2024-12-25'),
	(3554, 6, 1, '2001-01-01'),
	(3555, 6, 2, '2023-02-03'),
	(3556, 6, 3, '2023-02-03'),
	(3557, 6, 4, '2023-02-03'),
	(3558, 6, 5, '2023-02-03'),
	(3559, 7, 1, '2001-01-01'),
	(3560, 7, 2, '2023-02-04'),
	(3561, 7, 3, '2023-02-04'),
	(3562, 7, 4, '2023-02-04'),
	(3563, 7, 5, '2023-02-04'),
	(3564, 8, 1, '2001-01-01'),
	(3565, 8, 2, '2023-02-05'),
	(3566, 8, 3, '2023-02-05'),
	(3567, 8, 4, '2023-02-05'),
	(3568, 8, 5, '2023-02-05'),
	(3569, 9, 1, '2001-01-01'),
	(3570, 9, 2, '2023-01-29'),
	(3571, 9, 3, '2023-01-29'),
	(3572, 9, 4, '2023-01-29'),
	(3573, 10, 1, '2001-01-01'),
	(3574, 10, 2, '2023-02-28'),
	(3575, 10, 3, '2023-02-28'),
	(3576, 10, 4, '2023-02-28'),
	(3577, 10, 5, '2023-02-28'),
	(3578, 11, 1, '2001-01-01'),
	(3579, 11, 2, '2023-03-18'),
	(3580, 11, 3, '2023-03-18'),
	(3581, 11, 4, '2023-03-18'),
	(3582, 11, 5, '2023-03-18'),
	(3583, 12, 1, '2001-01-01'),
	(3584, 12, 2, '2023-02-06'),
	(3585, 12, 3, '2023-02-06'),
	(3586, 12, 4, '2023-02-06'),
	(3587, 12, 5, '2023-02-06'),
	(3588, 13, 1, '2001-01-01'),
	(3589, 13, 2, '2023-02-07'),
	(3590, 13, 3, '2023-02-07'),
	(3591, 13, 4, '2023-02-07'),
	(3592, 13, 5, '2023-02-07'),
	(3593, 14, 1, '2001-01-01'),
	(3594, 14, 2, '2023-02-08'),
	(3595, 14, 3, '2023-02-08'),
	(3596, 14, 4, '2023-02-08'),
	(3597, 14, 5, '2023-02-08'),
	(3598, 15, 1, '2001-01-01'),
	(3599, 15, 2, '2023-02-09'),
	(3600, 15, 3, '2023-02-09'),
	(3601, 15, 4, '2023-02-09'),
	(3602, 15, 5, '2023-02-09'),
	(3603, 16, 1, '2001-01-01'),
	(3604, 16, 2, '2023-02-10'),
	(3605, 16, 3, '2023-02-10'),
	(3606, 16, 4, '2023-02-10'),
	(3607, 16, 5, '2023-02-10'),
	(3608, 17, 1, '2001-01-01'),
	(3609, 17, 2, '2023-03-01'),
	(3610, 17, 3, '2023-03-01'),
	(3611, 17, 4, '2023-03-01'),
	(3612, 17, 5, '2023-03-01'),
	(3613, 18, 1, '2001-01-01'),
	(3614, 18, 2, '2023-03-02'),
	(3615, 18, 3, '2023-03-02'),
	(3616, 18, 4, '2023-03-02'),
	(3617, 18, 5, '2023-03-02'),
	(3618, 19, 1, '2001-01-01'),
	(3619, 19, 2, '2023-03-03'),
	(3620, 19, 3, '2023-03-03'),
	(3621, 19, 4, '2023-03-03'),
	(3622, 19, 5, '2023-03-03'),
	(3623, 20, 1, '2001-01-01'),
	(3624, 20, 2, '2023-03-04'),
	(3625, 20, 3, '2023-03-04'),
	(3626, 20, 4, '2023-03-04'),
	(3627, 20, 5, '2023-03-04'),
	(3628, 21, 1, '2001-01-01'),
	(3629, 22, 1, '2001-01-01'),
	(3630, 22, 2, '2024-12-25'),
	(3631, 23, 1, '2001-01-01'),
	(3632, 23, 2, '2023-03-05'),
	(3633, 23, 3, '2023-03-05'),
	(3634, 23, 4, '2023-03-05'),
	(3635, 23, 5, '2023-03-05'),
	(3636, 24, 1, '2001-01-01'),
	(3637, 24, 2, '2024-12-25'),
	(3638, 25, 1, '2001-01-01'),
	(3639, 25, 2, '2023-02-11'),
	(3640, 25, 3, '2023-02-11'),
	(3641, 25, 4, '2023-02-11'),
	(3642, 25, 5, '2023-02-11'),
	(3643, 26, 1, '2001-01-01'),
	(3644, 26, 2, '2023-03-06'),
	(3645, 26, 3, '2023-03-06'),
	(3646, 26, 4, '2023-03-06'),
	(3647, 26, 5, '2023-03-06'),
	(3648, 27, 1, '2001-01-01'),
	(3649, 27, 2, '2023-03-07'),
	(3650, 27, 3, '2023-03-07'),
	(3651, 27, 4, '2023-03-07'),
	(3652, 27, 5, '2023-03-07'),
	(3653, 28, 1, '2001-01-01'),
	(3654, 28, 2, '2023-03-08'),
	(3655, 28, 3, '2023-03-08'),
	(3656, 28, 4, '2023-03-08'),
	(3657, 28, 5, '2023-03-08'),
	(3658, 29, 1, '2001-01-01'),
	(3659, 29, 2, '2023-02-12'),
	(3660, 29, 3, '2023-02-12'),
	(3661, 29, 4, '2023-02-12'),
	(3662, 29, 5, '2023-02-12'),
	(3663, 30, 1, '2001-01-01'),
	(3664, 30, 2, '2023-03-09'),
	(3665, 30, 3, '2023-03-09'),
	(3666, 30, 4, '2023-03-09'),
	(3667, 30, 5, '2023-03-09'),
	(3668, 31, 1, '2001-01-01'),
	(3669, 31, 2, '2023-03-10'),
	(3670, 31, 3, '2023-03-10'),
	(3671, 31, 4, '2023-03-10'),
	(3672, 31, 5, '2023-03-10'),
	(3673, 33, 1, '2001-01-01'),
	(3674, 33, 2, '2023-03-11'),
	(3675, 33, 3, '2023-03-11'),
	(3676, 33, 4, '2023-03-11'),
	(3677, 33, 5, '2023-03-11'),
	(3678, 34, 1, '2001-01-01'),
	(3679, 34, 2, '2023-02-13'),
	(3680, 34, 3, '2023-02-13'),
	(3681, 34, 4, '2023-02-13'),
	(3682, 34, 5, '2023-02-13'),
	(3683, 35, 1, '2001-01-01'),
	(3684, 35, 2, '2024-12-25'),
	(3685, 37, 1, '2001-01-01'),
	(3686, 37, 2, '2023-02-01'),
	(3687, 37, 3, '2023-02-01'),
	(3688, 37, 4, '2023-02-01'),
	(3689, 37, 5, '2024-12-25'),
	(3690, 38, 1, '2001-01-01'),
	(3691, 38, 2, '2023-01-30'),
	(3692, 38, 3, '2023-01-30'),
	(3693, 38, 4, '2023-01-30'),
	(3694, 39, 1, '2001-01-01'),
	(3695, 39, 2, '2023-03-19'),
	(3696, 39, 3, '2023-03-19'),
	(3697, 39, 4, '2023-03-19'),
	(3698, 39, 5, '2023-03-19'),
	(3699, 41, 1, '2001-01-01'),
	(3700, 41, 2, '2023-02-14'),
	(3701, 41, 3, '2023-02-14'),
	(3702, 41, 4, '2023-02-14'),
	(3703, 41, 5, '2023-02-14'),
	(3704, 42, 1, '2001-01-01'),
	(3705, 42, 2, '2023-03-21'),
	(3706, 42, 3, '2023-03-21'),
	(3707, 42, 4, '2023-03-21'),
	(3708, 42, 5, '2023-03-21'),
	(3709, 43, 1, '2001-01-01'),
	(3710, 43, 2, '2023-01-23'),
	(3711, 43, 3, '2023-01-23'),
	(3712, 44, 1, '2001-01-01'),
	(3713, 45, 1, '2001-01-01'),
	(3714, 45, 2, '2023-03-12'),
	(3715, 45, 3, '2023-03-12'),
	(3716, 45, 4, '2023-03-12'),
	(3717, 45, 5, '2023-03-12'),
	(3718, 46, 1, '2001-01-01'),
	(3719, 46, 2, '2023-03-13'),
	(3720, 46, 3, '2023-03-13'),
	(3721, 46, 4, '2023-03-13'),
	(3722, 46, 5, '2023-03-13'),
	(3723, 47, 1, '2001-01-01'),
	(3724, 47, 2, '2023-02-15'),
	(3725, 47, 3, '2023-02-15'),
	(3726, 47, 4, '2023-02-15'),
	(3727, 47, 5, '2023-02-15'),
	(3728, 48, 1, '2001-01-01'),
	(3729, 49, 1, '2001-01-01'),
	(3730, 49, 2, '2023-01-16'),
	(3731, 49, 3, '2023-01-16'),
	(3732, 49, 4, '2024-12-25'),
	(3733, 50, 1, '2001-01-01'),
	(3734, 51, 1, '2001-01-01'),
	(3735, 51, 2, '2023-02-16'),
	(3736, 51, 3, '2023-02-16'),
	(3737, 51, 4, '2023-02-16'),
	(3738, 51, 5, '2023-02-16'),
	(3739, 52, 1, '2001-01-01'),
	(3740, 52, 2, '2023-02-17'),
	(3741, 52, 3, '2023-02-17'),
	(3742, 52, 4, '2023-02-17'),
	(3743, 52, 5, '2023-02-17'),
	(3744, 53, 1, '2001-01-01'),
	(3745, 53, 2, '2023-03-14'),
	(3746, 53, 3, '2023-03-14'),
	(3747, 53, 4, '2023-03-14'),
	(3748, 53, 5, '2023-03-14'),
	(3749, 54, 1, '2001-01-01'),
	(3750, 54, 2, '2023-03-15'),
	(3751, 54, 3, '2023-03-15'),
	(3752, 54, 4, '2023-03-15'),
	(3753, 54, 5, '2023-03-15'),
	(3754, 55, 1, '2001-01-01'),
	(3755, 55, 2, '2023-01-17'),
	(3756, 55, 3, '2023-01-17'),
	(3757, 56, 1, '2001-01-01'),
	(3758, 56, 2, '2023-02-18'),
	(3759, 56, 3, '2023-02-18'),
	(3760, 56, 4, '2023-02-18'),
	(3761, 56, 5, '2023-02-18'),
	(3762, 57, 1, '2001-01-01'),
	(3763, 57, 2, '2023-01-31'),
	(3764, 57, 3, '2023-01-31'),
	(3765, 57, 4, '2023-01-31'),
	(3766, 57, 5, '2023-01-31'),
	(3767, 58, 1, '2001-01-01'),
	(3768, 58, 2, '2023-02-26'),
	(3769, 58, 3, '2023-02-26'),
	(3770, 58, 4, '2023-02-26'),
	(3771, 58, 5, '2023-02-26'),
	(3772, 59, 1, '2001-01-01'),
	(3773, 59, 2, '2023-03-16'),
	(3774, 59, 3, '2023-03-16'),
	(3775, 59, 4, '2023-03-16'),
	(3776, 59, 5, '2023-03-16'),
	(3777, 60, 1, '2001-01-01'),
	(3778, 60, 2, '2024-12-25'),
	(3779, 62, 1, '2001-01-01'),
	(3780, 62, 2, '2023-02-19'),
	(3781, 62, 3, '2023-02-19'),
	(3782, 62, 4, '2023-02-19'),
	(3783, 62, 5, '2023-02-19'),
	(3784, 64, 1, '2001-01-01'),
	(3785, 64, 2, '2023-01-25'),
	(3786, 64, 3, '2023-01-25'),
	(3787, 65, 1, '2001-01-01'),
	(3788, 65, 2, '2023-03-17'),
	(3789, 65, 3, '2023-03-17'),
	(3790, 65, 4, '2023-03-17'),
	(3791, 65, 5, '2023-03-17'),
	(3792, 66, 1, '2001-01-01'),
	(3793, 66, 2, '2024-12-25'),
	(3794, 67, 1, '2001-01-01'),
	(3795, 67, 2, '2024-12-25'),
	(3796, 68, 1, '2001-01-01'),
	(3797, 68, 2, '2023-01-15'),
	(3798, 68, 3, '2024-12-25'),
	(3799, 71, 1, '2001-01-01'),
	(3800, 71, 2, '2024-12-25'),
	(3801, 72, 1, '2001-01-01'),
	(3802, 72, 2, '2023-02-20'),
	(3803, 72, 3, '2023-02-20'),
	(3804, 72, 4, '2023-02-20'),
	(3805, 72, 5, '2023-02-20'),
	(3806, 73, 1, '2001-01-01'),
	(3807, 73, 2, '2023-01-26'),
	(3808, 73, 3, '2023-01-26'),
	(3809, 74, 1, '2001-01-01'),
	(3810, 74, 2, '2023-01-19'),
	(3811, 74, 3, '2023-01-19'),
	(3812, 74, 4, '2024-12-25'),
	(3813, 75, 1, '2001-01-01'),
	(3814, 75, 2, '2023-02-27'),
	(3815, 75, 3, '2023-02-27'),
	(3816, 75, 4, '2023-02-27'),
	(3817, 75, 5, '2023-02-27'),
	(3818, 76, 1, '2001-01-01'),
	(3819, 76, 2, '2023-01-20'),
	(3820, 76, 3, '2023-01-20'),
	(3821, 77, 1, '2001-01-01'),
	(3822, 77, 2, '2023-02-21'),
	(3823, 77, 3, '2023-02-21'),
	(3824, 77, 4, '2023-02-21'),
	(3825, 77, 5, '2023-02-21'),
	(3826, 78, 1, '2001-01-01'),
	(3827, 78, 2, '2023-01-27'),
	(3828, 78, 3, '2023-01-27'),
	(3829, 79, 1, '2001-01-01'),
	(3830, 79, 2, '2023-02-25'),
	(3831, 79, 3, '2023-02-25'),
	(3832, 79, 4, '2023-02-25'),
	(3833, 79, 5, '2023-02-25'),
	(3834, 80, 1, '2001-01-01'),
	(3835, 80, 2, '2023-01-21'),
	(3836, 80, 3, '2023-01-21'),
	(3837, 80, 4, '2024-12-25'),
	(3838, 81, 1, '2001-01-01'),
	(3839, 81, 2, '2024-12-25'),
	(3840, 82, 1, '2001-01-01'),
	(3841, 82, 3, '2023-02-22'),
	(3842, 82, 4, '2023-02-22'),
	(3843, 1, 1, '2001-01-01'),
	(3844, 1, 2, '2023-01-01'),
	(3845, 1, 3, '2023-01-01'),
	(3846, 1, 4, '2023-01-01'),
	(3847, 2, 1, '2001-01-01'),
	(3848, 2, 2, '2023-01-18'),
	(3849, 2, 3, '2023-01-18'),
	(3850, 3, 1, '2001-01-01'),
	(3851, 3, 2, '2023-02-02'),
	(3852, 3, 3, '2023-02-02'),
	(3853, 3, 4, '2023-02-02'),
	(3854, 3, 5, '2023-02-02'),
	(3855, 4, 1, '2001-01-01'),
	(3856, 4, 2, '2023-03-20'),
	(3857, 4, 3, '2023-03-20'),
	(3858, 4, 4, '2023-03-20'),
	(3859, 4, 5, '2023-03-20'),
	(3860, 5, 1, '2001-01-01'),
	(3861, 5, 2, '2023-01-28'),
	(3862, 5, 3, '2023-01-28'),
	(3863, 5, 4, '2023-01-28'),
	(3864, 5, 5, '2024-12-25'),
	(3865, 6, 1, '2001-01-01'),
	(3866, 6, 2, '2023-02-03'),
	(3867, 6, 3, '2023-02-03'),
	(3868, 6, 4, '2023-02-03'),
	(3869, 6, 5, '2023-02-03'),
	(3870, 7, 1, '2001-01-01'),
	(3871, 7, 2, '2023-02-04'),
	(3872, 7, 3, '2023-02-04'),
	(3873, 7, 4, '2023-02-04'),
	(3874, 7, 5, '2023-02-04'),
	(3875, 8, 1, '2001-01-01'),
	(3876, 8, 2, '2023-02-05'),
	(3877, 8, 3, '2023-02-05'),
	(3878, 8, 4, '2023-02-05'),
	(3879, 8, 5, '2023-02-05'),
	(3880, 9, 1, '2001-01-01'),
	(3881, 9, 2, '2023-01-29'),
	(3882, 9, 3, '2023-01-29'),
	(3883, 9, 4, '2023-01-29'),
	(3884, 10, 1, '2001-01-01'),
	(3885, 10, 2, '2023-02-28'),
	(3886, 10, 3, '2023-02-28'),
	(3887, 10, 4, '2023-02-28'),
	(3888, 10, 5, '2023-02-28'),
	(3889, 11, 1, '2001-01-01'),
	(3890, 11, 2, '2023-03-18'),
	(3891, 11, 3, '2023-03-18'),
	(3892, 11, 4, '2023-03-18'),
	(3893, 11, 5, '2023-03-18'),
	(3894, 12, 1, '2001-01-01'),
	(3895, 12, 2, '2023-02-06'),
	(3896, 12, 3, '2023-02-06'),
	(3897, 12, 4, '2023-02-06'),
	(3898, 12, 5, '2023-02-06'),
	(3899, 13, 1, '2001-01-01'),
	(3900, 13, 2, '2023-02-07'),
	(3901, 13, 3, '2023-02-07'),
	(3902, 13, 4, '2023-02-07'),
	(3903, 13, 5, '2023-02-07'),
	(3904, 14, 1, '2001-01-01'),
	(3905, 14, 2, '2023-02-08'),
	(3906, 14, 3, '2023-02-08'),
	(3907, 14, 4, '2023-02-08'),
	(3908, 14, 5, '2023-02-08'),
	(3909, 15, 1, '2001-01-01'),
	(3910, 15, 2, '2023-02-09'),
	(3911, 15, 3, '2023-02-09'),
	(3912, 15, 4, '2023-02-09'),
	(3913, 15, 5, '2023-02-09'),
	(3914, 16, 1, '2001-01-01'),
	(3915, 16, 2, '2023-02-10'),
	(3916, 16, 3, '2023-02-10'),
	(3917, 16, 4, '2023-02-10'),
	(3918, 16, 5, '2023-02-10'),
	(3919, 17, 1, '2001-01-01'),
	(3920, 17, 2, '2023-03-01'),
	(3921, 17, 3, '2023-03-01'),
	(3922, 17, 4, '2023-03-01'),
	(3923, 17, 5, '2023-03-01'),
	(3924, 18, 1, '2001-01-01'),
	(3925, 18, 2, '2023-03-02'),
	(3926, 18, 3, '2023-03-02'),
	(3927, 18, 4, '2023-03-02'),
	(3928, 18, 5, '2023-03-02'),
	(3929, 19, 1, '2001-01-01'),
	(3930, 19, 2, '2023-03-03'),
	(3931, 19, 3, '2023-03-03'),
	(3932, 19, 4, '2023-03-03'),
	(3933, 19, 5, '2023-03-03'),
	(3934, 20, 1, '2001-01-01'),
	(3935, 20, 2, '2023-03-04'),
	(3936, 20, 3, '2023-03-04'),
	(3937, 20, 4, '2023-03-04'),
	(3938, 20, 5, '2023-03-04'),
	(3939, 21, 1, '2001-01-01'),
	(3940, 22, 1, '2001-01-01'),
	(3941, 22, 2, '2024-12-25'),
	(3942, 23, 1, '2001-01-01'),
	(3943, 23, 2, '2023-03-05'),
	(3944, 23, 3, '2023-03-05'),
	(3945, 23, 4, '2023-03-05'),
	(3946, 23, 5, '2023-03-05'),
	(3947, 24, 1, '2001-01-01'),
	(3948, 24, 2, '2024-12-25'),
	(3949, 25, 1, '2001-01-01'),
	(3950, 25, 2, '2023-02-11'),
	(3951, 25, 3, '2023-02-11'),
	(3952, 25, 4, '2023-02-11'),
	(3953, 25, 5, '2023-02-11'),
	(3954, 26, 1, '2001-01-01'),
	(3955, 26, 2, '2023-03-06'),
	(3956, 26, 3, '2023-03-06'),
	(3957, 26, 4, '2023-03-06'),
	(3958, 26, 5, '2023-03-06'),
	(3959, 27, 1, '2001-01-01'),
	(3960, 27, 2, '2023-03-07'),
	(3961, 27, 3, '2023-03-07'),
	(3962, 27, 4, '2023-03-07'),
	(3963, 27, 5, '2023-03-07'),
	(3964, 28, 1, '2001-01-01'),
	(3965, 28, 2, '2023-03-08'),
	(3966, 28, 3, '2023-03-08'),
	(3967, 28, 4, '2023-03-08'),
	(3968, 28, 5, '2023-03-08'),
	(3969, 29, 1, '2001-01-01'),
	(3970, 29, 2, '2023-02-12'),
	(3971, 29, 3, '2023-02-12'),
	(3972, 29, 4, '2023-02-12'),
	(3973, 29, 5, '2023-02-12'),
	(3974, 30, 1, '2001-01-01'),
	(3975, 30, 2, '2023-03-09'),
	(3976, 30, 3, '2023-03-09'),
	(3977, 30, 4, '2023-03-09'),
	(3978, 30, 5, '2023-03-09'),
	(3979, 31, 1, '2001-01-01'),
	(3980, 31, 2, '2023-03-10'),
	(3981, 31, 3, '2023-03-10'),
	(3982, 31, 4, '2023-03-10'),
	(3983, 31, 5, '2023-03-10'),
	(3984, 32, 1, '2024-01-06'),
	(3985, 32, 2, '2024-05-05'),
	(3986, 32, 3, '2024-10-10'),
	(3987, 33, 1, '2001-01-01'),
	(3988, 33, 2, '2023-03-11'),
	(3989, 33, 3, '2023-03-11'),
	(3990, 33, 4, '2023-03-11'),
	(3991, 33, 5, '2023-03-11'),
	(3992, 34, 1, '2001-01-01'),
	(3993, 34, 2, '2023-02-13'),
	(3994, 34, 3, '2023-02-13'),
	(3995, 34, 4, '2023-02-13'),
	(3996, 34, 5, '2023-02-13'),
	(3997, 35, 1, '2001-01-01'),
	(3998, 35, 2, '2024-12-25'),
	(3999, 37, 1, '2001-01-01'),
	(4000, 37, 2, '2023-02-01'),
	(4001, 37, 3, '2023-02-01'),
	(4002, 37, 4, '2023-02-01'),
	(4003, 37, 5, '2024-12-25'),
	(4004, 38, 1, '2001-01-01'),
	(4005, 38, 2, '2023-01-30'),
	(4006, 38, 3, '2023-01-30'),
	(4007, 38, 4, '2023-01-30'),
	(4008, 39, 1, '2001-01-01'),
	(4009, 39, 2, '2023-03-19'),
	(4010, 39, 3, '2023-03-19'),
	(4011, 39, 4, '2023-03-19'),
	(4012, 39, 5, '2023-03-19'),
	(4013, 41, 1, '2001-01-01'),
	(4014, 41, 2, '2023-02-14'),
	(4015, 41, 3, '2023-02-14'),
	(4016, 41, 4, '2023-02-14'),
	(4017, 41, 5, '2023-02-14'),
	(4018, 42, 1, '2001-01-01'),
	(4019, 42, 2, '2023-03-21'),
	(4020, 42, 3, '2023-03-21'),
	(4021, 42, 4, '2023-03-21'),
	(4022, 42, 5, '2023-03-21'),
	(4023, 43, 1, '2001-01-01'),
	(4024, 43, 2, '2023-01-23'),
	(4025, 43, 3, '2023-01-23'),
	(4026, 44, 1, '2001-01-01'),
	(4027, 45, 1, '2001-01-01'),
	(4028, 45, 2, '2023-03-12'),
	(4029, 45, 3, '2023-03-12'),
	(4030, 45, 4, '2023-03-12'),
	(4031, 45, 5, '2023-03-12'),
	(4032, 46, 1, '2001-01-01'),
	(4033, 46, 2, '2023-03-13'),
	(4034, 46, 3, '2023-03-13'),
	(4035, 46, 4, '2023-03-13'),
	(4036, 46, 5, '2023-03-13'),
	(4037, 47, 1, '2001-01-01'),
	(4038, 47, 2, '2023-02-15'),
	(4039, 47, 3, '2023-02-15'),
	(4040, 47, 4, '2023-02-15'),
	(4041, 47, 5, '2023-02-15'),
	(4042, 48, 1, '2001-01-01'),
	(4043, 49, 1, '2001-01-01'),
	(4044, 49, 2, '2023-01-16'),
	(4045, 49, 3, '2023-01-16'),
	(4046, 49, 4, '2024-12-25'),
	(4047, 50, 1, '2001-01-01'),
	(4048, 51, 1, '2001-01-01'),
	(4049, 51, 2, '2023-02-16'),
	(4050, 51, 3, '2023-02-16'),
	(4051, 51, 4, '2023-02-16'),
	(4052, 51, 5, '2023-02-16'),
	(4053, 52, 1, '2001-01-01'),
	(4054, 52, 2, '2023-02-17'),
	(4055, 52, 3, '2023-02-17'),
	(4056, 52, 4, '2023-02-17'),
	(4057, 52, 5, '2023-02-17'),
	(4058, 53, 1, '2001-01-01'),
	(4059, 53, 2, '2023-03-14'),
	(4060, 53, 3, '2023-03-14'),
	(4061, 53, 4, '2023-03-14'),
	(4062, 53, 5, '2023-03-14'),
	(4063, 54, 1, '2001-01-01'),
	(4064, 54, 2, '2023-03-15'),
	(4065, 54, 3, '2023-03-15'),
	(4066, 54, 4, '2023-03-15'),
	(4067, 54, 5, '2023-03-15'),
	(4068, 55, 1, '2001-01-01'),
	(4069, 55, 2, '2023-01-17'),
	(4070, 55, 3, '2023-01-17'),
	(4071, 56, 1, '2001-01-01'),
	(4072, 56, 2, '2023-02-18'),
	(4073, 56, 3, '2023-02-18'),
	(4074, 56, 4, '2023-02-18'),
	(4075, 56, 5, '2023-02-18'),
	(4076, 57, 1, '2001-01-01'),
	(4077, 57, 2, '2023-01-31'),
	(4078, 57, 3, '2023-01-31'),
	(4079, 57, 4, '2023-01-31'),
	(4080, 57, 5, '2023-01-31'),
	(4081, 58, 1, '2001-01-01'),
	(4082, 58, 2, '2023-02-26'),
	(4083, 58, 3, '2023-02-26'),
	(4084, 58, 4, '2023-02-26'),
	(4085, 58, 5, '2023-02-26'),
	(4086, 59, 1, '2001-01-01'),
	(4087, 59, 2, '2023-03-16'),
	(4088, 59, 3, '2023-03-16'),
	(4089, 59, 4, '2023-03-16'),
	(4090, 59, 5, '2023-03-16'),
	(4091, 60, 1, '2001-01-01'),
	(4092, 60, 2, '2024-12-25'),
	(4093, 62, 1, '2001-01-01'),
	(4094, 62, 2, '2023-02-19'),
	(4095, 62, 3, '2023-02-19'),
	(4096, 62, 4, '2023-02-19'),
	(4097, 62, 5, '2023-02-19'),
	(4098, 64, 1, '2001-01-01'),
	(4099, 64, 2, '2023-01-25'),
	(4100, 64, 3, '2023-01-25'),
	(4101, 65, 1, '2001-01-01'),
	(4102, 65, 2, '2023-03-17'),
	(4103, 65, 3, '2023-03-17'),
	(4104, 65, 4, '2023-03-17'),
	(4105, 65, 5, '2023-03-17'),
	(4106, 66, 1, '2001-01-01'),
	(4107, 66, 2, '2024-12-25'),
	(4108, 67, 1, '2001-01-01'),
	(4109, 67, 2, '2024-12-25'),
	(4110, 68, 1, '2001-01-01'),
	(4111, 68, 2, '2023-01-15'),
	(4112, 68, 3, '2024-12-25'),
	(4113, 71, 1, '2001-01-01'),
	(4114, 71, 2, '2024-12-25'),
	(4115, 72, 1, '2001-01-01'),
	(4116, 72, 2, '2023-02-20'),
	(4117, 72, 3, '2023-02-20'),
	(4118, 72, 4, '2023-02-20'),
	(4119, 72, 5, '2023-02-20'),
	(4120, 73, 1, '2001-01-01'),
	(4121, 73, 2, '2023-01-26'),
	(4122, 73, 3, '2023-01-26'),
	(4123, 74, 1, '2001-01-01'),
	(4124, 74, 2, '2023-01-19'),
	(4125, 74, 3, '2023-01-19'),
	(4126, 74, 4, '2024-12-25'),
	(4127, 75, 1, '2001-01-01'),
	(4128, 75, 2, '2023-02-27'),
	(4129, 75, 3, '2023-02-27'),
	(4130, 75, 4, '2023-02-27'),
	(4131, 75, 5, '2023-02-27'),
	(4132, 76, 1, '2001-01-01'),
	(4133, 76, 2, '2023-01-20'),
	(4134, 76, 3, '2023-01-20'),
	(4135, 77, 1, '2001-01-01'),
	(4136, 77, 2, '2023-02-21'),
	(4137, 77, 3, '2023-02-21'),
	(4138, 77, 4, '2023-02-21'),
	(4139, 77, 5, '2023-02-21'),
	(4140, 78, 1, '2001-01-01'),
	(4141, 78, 2, '2023-01-27'),
	(4142, 78, 3, '2023-01-27'),
	(4143, 79, 1, '2001-01-01'),
	(4144, 79, 2, '2023-02-25'),
	(4145, 79, 3, '2023-02-25'),
	(4146, 79, 4, '2023-02-25'),
	(4147, 79, 5, '2023-02-25'),
	(4148, 80, 1, '2001-01-01'),
	(4149, 80, 2, '2023-01-21'),
	(4150, 80, 3, '2023-01-21'),
	(4151, 80, 4, '2024-12-25'),
	(4152, 81, 1, '2001-01-01'),
	(4153, 81, 2, '2024-12-25'),
	(4154, 82, 1, '2001-01-01');

-- Dumping structure for table db_tracking.tb_skripsi
CREATE TABLE IF NOT EXISTS `tb_skripsi` (
  `id_s` int NOT NULL AUTO_INCREMENT,
  `id_m` int DEFAULT NULL,
  `judul` varchar(200) DEFAULT NULL,
  `dospembimbing1` varchar(60) DEFAULT NULL,
  `dospembimbing2` varchar(60) DEFAULT NULL,
  `penguji1` varchar(60) DEFAULT NULL,
  `penguji2` varchar(60) DEFAULT NULL,
  `penguji3` varchar(60) DEFAULT NULL,
  PRIMARY KEY (`id_s`),
  KEY `id_m` (`id_m`),
  CONSTRAINT `tb_skripsi_ibfk_1` FOREIGN KEY (`id_m`) REFERENCES `tb_mahasiswa` (`id_m`)
) ENGINE=InnoDB AUTO_INCREMENT=81 DEFAULT CHARSET=utf8mb4 COLLATE=utf8mb4_0900_ai_ci;

-- Dumping data for table db_tracking.tb_skripsi: ~80 rows (approximately)
INSERT INTO `tb_skripsi` (`id_s`, `id_m`, `judul`, `dospembimbing1`, `dospembimbing2`, `penguji1`, `penguji2`, `penguji3`) VALUES
	(1, 1, 'Rancang Bangun Sistem E-Procurement untuk Pengadaan Barang dan Jasa Berbasis Web', 'Dr. Arif Setiawan, M.T.', 'Dr. Zainal Abidin, M.T.', 'Prof. Dr. Siti Aminah, M.Kom.', 'Dr. Rizky Amelia, M.Si.', 'Prof. Dr. Ridwan Hakim, M.T.'),
	(2, 2, 'Rancang Bangun Sistem Monitoring Jaringan Berbasis Web Menggunakan SNMP dan Grafana', 'Dr. Andi Pratama, M.Sc.', 'Dr. Hendro Gunawan, M.Sc.', 'Dr. Fitriani Zahra, M.Kom.', 'Dr. Zainal Abidin, M.T.', 'Dr. Rizky Amelia, M.Si.'),
	(3, 3, 'Analisis Kinerja dan Skalabilitas Aplikasi Cloud Berbasis Microservices', 'Dr. Budi Santoso, M.T.', 'Dr. Sri Handayani, M.Kom.', 'Dr. Fitriani Zahra, M.Kom.', 'Dr. Bambang Saputra, M.Eng.', 'Dr. Hendro Gunawan, M.Sc.'),
	(4, 4, 'Analisis Efektivitas Protokol MPLS pada Jaringan Backbone ISP', 'Dr. Andi Pratama, M.Sc.', 'Dr. Fitriani Zahra, M.Kom.', 'Prof. Dr. Siti Aminah, M.Kom.', 'Dr. Arif Setiawan, M.T.', 'Dr. Rizky Amelia, M.Si.'),
	(5, 5, 'Pengembangan Sistem Rekomendasi Produk Berbasis Collaborative Filtering Menggunakan Algoritma Kecerdasan Buatan', 'Dr. Bambang Saputra, M.Eng.', 'Dr. Rizky Amelia, M.Si.', 'Dr. Andi Pratama, M.Sc.', 'Dr. Zainal Abidin, M.T.', 'Dr. Sri Handayani, M.Kom.'),
	(6, 6, 'Implementasi Metode DevOps dalam Peningkatan Produktivitas Pengembangan Perangkat Lunak', 'Dr. Hendro Gunawan, M.Sc.', 'Dr. Andi Pratama, M.Sc.', 'Dr. Bambang Saputra, M.Eng.', 'Prof. Dr. Siti Aminah, M.Kom.', 'Dr. Fitriani Zahra, M.Kom.'),
	(7, 7, 'Rancang Bangun Aplikasi Absensi Berbasis Mobile Menggunakan Teknologi Geolocation', 'Dr. Fitriani Zahra, M.Kom.', 'Dr. Hendro Gunawan, M.Sc.', 'Dr. Arif Setiawan, M.T.', 'Prof. Dr. Ridwan Hakim, M.T.', 'Prof. Dr. Siti Aminah, M.Kom.'),
	(8, 8, 'Optimisasi Performa API Menggunakan Caching dan Load Balancing', 'Dr. Hendro Gunawan, M.Sc.', 'Prof. Dr. Ridwan Hakim, M.T.', 'Prof. Dr. Siti Aminah, M.Kom.', 'Dr. Sri Handayani, M.Kom.', 'Dr. Bambang Saputra, M.Eng.'),
	(9, 9, 'Optimasi Segmentasi Citra Menggunakan Algoritma Convolutional Neural Network untuk Pengenalan Wajah', 'Dr. Fitriani Zahra, M.Kom.', 'Dr. Rizky Amelia, M.Si.', 'Dr. Hendro Gunawan, M.Sc.', 'Dr. Arif Setiawan, M.T.', 'Dr. Budi Santoso, M.T.'),
	(10, 10, 'Pengembangan Aplikasi Manajemen Keuangan Pribadi Berbasis Android', 'Dr. Zainal Abidin, M.T.', 'Dr. Bambang Saputra, M.Eng.', 'Dr. Budi Santoso, M.T.', 'Prof. Dr. Siti Aminah, M.Kom.', 'Dr. Rizky Amelia, M.Si.'),
	(11, 11, 'Penggunaan Algoritma Genetika untuk Optimasi Parameter pada Jaringan Syaraf Tiruan di Sistem Pengolahan Citra', 'Dr. Bambang Saputra, M.Eng.', 'Dr. Hendro Gunawan, M.Sc.', 'Dr. Fitriani Zahra, M.Kom.', 'Dr. Sri Handayani, M.Kom.', 'Dr. Zainal Abidin, M.T.'),
	(12, 12, 'Pengembangan Sistem Monitoring Server dengan Pemanfaatan Grafana dan Prometheus', 'Dr. Budi Santoso, M.T.', 'Dr. Bambang Saputra, M.Eng.', 'Dr. Nurhayati Wulandari, M.Kom.', 'Dr. Rizky Amelia, M.Si.', 'Dr. Andi Pratama, M.Sc.'),
	(13, 13, 'Rancang Bangun Sistem Manajemen Proyek Berbasis Web dengan Metode Scrum', 'Dr. Nurhayati Wulandari, M.Kom.', 'Dr. Rizky Amelia, M.Si.', 'Dr. Zainal Abidin, M.T.', 'Prof. Dr. Siti Aminah, M.Kom.', 'Prof. Dr. Ridwan Hakim, M.T.'),
	(14, 14, 'Implementasi Teknologi Blockchain untuk Sistem Voting Berbasis Web', 'Dr. Zainal Abidin, M.T.', 'Prof. Dr. Siti Aminah, M.Kom.', 'Dr. Sri Handayani, M.Kom.', 'Dr. Bambang Saputra, M.Eng.', 'Dr. Nurhayati Wulandari, M.Kom.'),
	(15, 15, 'Penggunaan Framework Selenium untuk Automasi Pengujian Aplikasi Web', 'Dr. Rizky Amelia, M.Si.', 'Prof. Dr. Ridwan Hakim, M.T.', 'Dr. Zainal Abidin, M.T.', 'Dr. Budi Santoso, M.T.', 'Dr. Bambang Saputra, M.Eng.'),
	(16, 16, 'Analisis Efektivitas Metode Pair Programming dalam Tim Pengembangan Perangkat Lunak', 'Dr. Sri Handayani, M.Kom.', 'Dr. Zainal Abidin, M.T.', 'Dr. Budi Santoso, M.T.', 'Prof. Dr. Siti Aminah, M.Kom.', 'Prof. Dr. Ridwan Hakim, M.T.'),
	(17, 17, 'Pemanfaatan Teknologi AR (Augmented Reality) pada Aplikasi Edukasi Sejarah', 'Dr. Andi Pratama, M.Sc.', 'Dr. Arif Setiawan, M.T.', 'Prof. Dr. Ridwan Hakim, M.T.', 'Dr. Budi Santoso, M.T.', 'Dr. Bambang Saputra, M.Eng.'),
	(18, 18, 'Rancang Bangun Sistem E-Complaint untuk Manajemen Keluhan Pelanggan Berbasis Web', 'Dr. Hendro Gunawan, M.Sc.', 'Dr. Nurhayati Wulandari, M.Kom.', 'Dr. Bambang Saputra, M.Eng.', 'Dr. Sri Handayani, M.Kom.', 'Dr. Zainal Abidin, M.T.'),
	(19, 19, 'Penerapan Metode Extreme Programming dalam Pengembangan Aplikasi Start-Up', 'Prof. Dr. Ridwan Hakim, M.T.', 'Dr. Arif Setiawan, M.T.', 'Dr. Nurhayati Wulandari, M.Kom.', 'Dr. Rizky Amelia, M.Si.', 'Dr. Budi Santoso, M.T.'),
	(20, 20, 'Implementasi Teknologi Chatbot pada Sistem Layanan Informasi Universitas', 'Prof. Dr. Ridwan Hakim, M.T.', 'Dr. Hendro Gunawan, M.Sc.', 'Dr. Bambang Saputra, M.Eng.', 'Dr. Budi Santoso, M.T.', 'Dr. Arif Setiawan, M.T.'),
	(21, 21, 'Implementasi Sistem Deteksi Intrusi Berbasis Jaringan Menggunakan Deep Learning', 'Prof. Dr. Siti Aminah, M.Kom.', 'Dr. Nurhayati Wulandari, M.Kom.', 'Dr. Sri Handayani, M.Kom.', 'Prof. Dr. Ridwan Hakim, M.T.', 'Dr. Fitriani Zahra, M.Kom.'),
	(22, 22, 'mplementasi Deep Learning untuk Deteksi dan Klasifikasi Objek dalam Citra Medis', 'Prof. Dr. Siti Aminah, M.Kom.', 'Dr. Hendro Gunawan, M.Sc.', 'Dr. Zainal Abidin, M.T.', 'Prof. Dr. Ridwan Hakim, M.T.', 'Dr. Bambang Saputra, M.Eng.'),
	(23, 23, 'Pengembangan Aplikasi Pertanian Berbasis IoT untuk Monitoring Kualitas Tanah', 'Dr. Nurhayati Wulandari, M.Kom.', 'Dr. Rizky Amelia, M.Si.', 'Dr. Budi Santoso, M.T.', 'Dr. Zainal Abidin, M.T.', 'Prof. Dr. Ridwan Hakim, M.T.'),
	(24, 24, 'Pengembangan Aplikasi Sistem Informasi Akademik Berbasis Web dengan Framework Laravel', 'Dr. Budi Santoso, M.T.', 'Dr. Hendro Gunawan, M.Sc.', 'Prof. Dr. Ridwan Hakim, M.T.', 'Dr. Fitriani Zahra, M.Kom.', 'Dr. Nurhayati Wulandari, M.Kom.'),
	(25, 25, 'Pengembangan Aplikasi Manajemen Inventaris Berbasis Web Menggunakan Metode MVC', 'Dr. Fitriani Zahra, M.Kom.', 'Prof. Dr. Ridwan Hakim, M.T.', 'Dr. Budi Santoso, M.T.', 'Dr. Hendro Gunawan, M.Sc.', 'Dr. Bambang Saputra, M.Eng.'),
	(26, 26, 'Rancang Bangun Sistem Reservasi Online Menggunakan Firebase sebagai Back-End', 'Dr. Hendro Gunawan, M.Sc.', 'Dr. Zainal Abidin, M.T.', 'Prof. Dr. Siti Aminah, M.Kom.', 'Dr. Rizky Amelia, M.Si.', 'Prof. Dr. Ridwan Hakim, M.T.'),
	(27, 27, 'Analisis Kinerja Algoritma Genetic untuk Optimasi Jadwal Perkuliahan', 'Dr. Rizky Amelia, M.Si.', 'Dr. Nurhayati Wulandari, M.Kom.', 'Dr. Hendro Gunawan, M.Sc.', 'Dr. Arif Setiawan, M.T.', 'Dr. Bambang Saputra, M.Eng.'),
	(28, 28, 'Penerapan Teknologi QR Code pada Aplikasi Pembayaran Digital', 'Dr. Zainal Abidin, M.T.', 'Dr. Arif Setiawan, M.T.', 'Dr. Budi Santoso, M.T.', 'Dr. Bambang Saputra, M.Eng.', 'Dr. Sri Handayani, M.Kom.'),
	(29, 29, 'Implementasi Algoritma A pada Aplikasi Pencarian Rute Tercepat di Kota', 'Dr. Budi Santoso, M.T.', 'Dr. Bambang Saputra, M.Eng.', 'Dr. Sri Handayani, M.Kom.', 'Prof. Dr. Ridwan Hakim, M.T.', 'Prof. Dr. Siti Aminah, M.Kom.'),
	(30, 30, 'Pengembangan Aplikasi Pengelolaan Gudang Menggunakan React Native dan Firebase', 'Prof. Dr. Siti Aminah, M.Kom.', 'Dr. Sri Handayani, M.Kom.', 'Dr. Zainal Abidin, M.T.', 'Dr. Bambang Saputra, M.Eng.', 'Dr. Rizky Amelia, M.Si.'),
	(31, 31, 'Rancang Bangun Aplikasi Peminjaman Buku Berbasis Mobile Menggunakan Flutter', 'Dr. Nurhayati Wulandari, M.Kom.', 'Dr. Bambang Saputra, M.Eng.', 'Dr. Zainal Abidin, M.T.', 'Prof. Dr. Siti Aminah, M.Kom.', 'Prof. Dr. Ridwan Hakim, M.T.'),
	(32, 32, 'Analisis Performansi Load Balancing Weighted Least Connection Menggunakan Haproxy Terhadap Peningkatan Kinerja Web Server', 'La Surimi, S.Si., M.Cs.', 'LM Bahtiar Aksara, ST., MT', 'Jumadil Nangi, S.Kom., M.T.', 'Rizal Adi Saputra ST., M.Kom', 'Asa Hari Wibowo S.T., M.Eng'),
	(33, 33, 'Analisis Penggunaan Metode Refactoring dalam Meningkatkan Kualitas Kode Sumber', 'Prof. Dr. Siti Aminah, M.Kom.', 'Dr. Sri Handayani, M.Kom.', 'Dr. Arif Setiawan, M.T.', 'Dr. Bambang Saputra, M.Eng.', 'Dr. Nurhayati Wulandari, M.Kom.'),
	(34, 34, 'Rancang Bangun Sistem Informasi Rumah Sakit Berbasis Web dengan Teknologi RESTful API', 'Dr. Arif Setiawan, M.T.', 'Dr. Budi Santoso, M.T.', 'Dr. Nurhayati Wulandari, M.Kom.', 'Dr. Zainal Abidin, M.T.', 'Dr. Rizky Amelia, M.Si.'),
	(35, 35, 'Rancang Bangun Sistem Rekomendasi Buku Menggunakan Algoritma Collaborative Filtering', 'Dr. Andi Pratama, M.Sc.', 'Dr. Bambang Saputra, M.Eng.', 'Dr. Zainal Abidin, M.T.', 'Prof. Dr. Siti Aminah, M.Kom.', 'Dr. Sri Handayani, M.Kom.'),
	(36, 37, 'Sistem Deteksi Intrusi pada Aplikasi Web Menggunakan Teknologi Machine Learning', 'Dr. Andi Pratama, M.Sc.', 'Prof. Dr. Ridwan Hakim, M.T.', 'Dr. Arif Setiawan, M.T.', 'Dr. Budi Santoso, M.T.', 'Dr. Sri Handayani, M.Kom.'),
	(37, 38, 'Rancang Bangun Sistem Pendeteksi Emosi Wajah Real-time Menggunakan Algoritma Support Vector Machine', 'Prof. Dr. Ridwan Hakim, M.T.', 'Dr. Fitriani Zahra, M.Kom.', 'Dr. Nurhayati Wulandari, M.Kom.', 'Dr. Andi Pratama, M.Sc.', 'Dr. Bambang Saputra, M.Eng.'),
	(38, 39, 'Penerapan YOLO (You Only Look Once) untuk Deteksi Objek Otomatis di Lingkungan Lalu Lintas', 'Dr. Bambang Saputra, M.Eng.', 'Dr. Sri Handayani, M.Kom.', 'Dr. Zainal Abidin, M.T.', 'Dr. Fitriani Zahra, M.Kom.', 'Dr. Nurhayati Wulandari, M.Kom.'),
	(39, 41, 'Pengembangan Sistem Penilaian Kinerja Karyawan Berbasis Cloud', 'Dr. Rizky Amelia, M.Si.', 'Dr. Budi Santoso, M.T.', 'Dr. Nurhayati Wulandari, M.Kom.', 'Prof. Dr. Siti Aminah, M.Kom.', 'Prof. Dr. Ridwan Hakim, M.T.'),
	(40, 42, 'Desain Sistem Pembelajaran Jarak Jauh Berbasis WebRTC dalam Infrastruktur Jaringan Kampus', 'Prof. Dr. Siti Aminah, M.Kom.', 'Dr. Rizky Amelia, M.Si.', 'Dr. Hendro Gunawan, M.Sc.', 'Dr. Budi Santoso, M.T.', 'Dr. Fitriani Zahra, M.Kom.'),
	(41, 43, 'Penerapan Metode Agile dalam Pengembangan Aplikasi Marketplace untuk UMKM', 'Dr. Andi Pratama, M.Sc.', 'Dr. Zainal Abidin, M.T.', 'Prof. Dr. Siti Aminah, M.Kom.', 'Dr. Fitriani Zahra, M.Kom.', 'Dr. Nurhayati Wulandari, M.Kom.'),
	(42, 44, 'Rancang Bangun Sistem Manajemen Trafik Jaringan Berbasis Software-Defined Networking (SDN)', 'Dr. Fitriani Zahra, M.Kom.', 'Dr. Bambang Saputra, M.Eng.', 'Dr. Arif Setiawan, M.T.', 'Dr. Rizky Amelia, M.Si.', 'Prof. Dr. Siti Aminah, M.Kom.'),
	(43, 45, 'Implementasi Algoritma Nave Bayes untuk Sistem Klasifikasi Sentimen pada Media Sosial', 'Dr. Zainal Abidin, M.T.', 'Dr. Budi Santoso, M.T.', 'Dr. Arif Setiawan, M.T.', 'Dr. Fitriani Zahra, M.Kom.', 'Dr. Hendro Gunawan, M.Sc.'),
	(44, 46, 'Pengembangan Sistem Informasi Penjualan Berbasis Web Menggunakan Angular', 'Dr. Hendro Gunawan, M.Sc.', 'Dr. Zainal Abidin, M.T.', 'Dr. Sri Handayani, M.Kom.', 'Dr. Budi Santoso, M.T.', 'Dr. Nurhayati Wulandari, M.Kom.'),
	(45, 47, 'Pemanfaatan Docker dalam Deployment Aplikasi Web untuk Lingkungan Produksi', 'Dr. Bambang Saputra, M.Eng.', 'Dr. Zainal Abidin, M.T.', 'Dr. Fitriani Zahra, M.Kom.', 'Dr. Hendro Gunawan, M.Sc.', 'Prof. Dr. Ridwan Hakim, M.T.'),
	(46, 48, 'Optimisasi Keamanan Jaringan pada Infrastruktur IoT Menggunakan Blockchain', 'Prof. Dr. Ridwan Hakim, M.T.', 'Prof. Dr. Siti Aminah, M.Kom.', 'Dr. Rizky Amelia, M.Si.', 'Dr. Zainal Abidin, M.T.', 'Dr. Nurhayati Wulandari, M.Kom.'),
	(47, 49, 'Implementasi Continuous Integration dan Continuous Deployment pada Proses Pengembangan Perangkat Lunak', 'Dr. Rizky Amelia, M.Si.', 'Dr. Arif Setiawan, M.T.', 'Dr. Bambang Saputra, M.Eng.', 'Dr. Sri Handayani, M.Kom.', 'Dr. Andi Pratama, M.Sc.'),
	(48, 50, 'Pengembangan Model Intrusion Detection System (IDS) pada Jaringan dengan Algoritma Machine Learning', 'Dr. Fitriani Zahra, M.Kom.', 'Dr. Zainal Abidin, M.T.', 'Dr. Andi Pratama, M.Sc.', 'Dr. Nurhayati Wulandari, M.Kom.', 'Prof. Dr. Ridwan Hakim, M.T.'),
	(49, 51, 'Penggunaan Metode Design Thinking dalam Pengembangan Aplikasi Edukasi Anak Berbasis Mobile', 'Dr. Fitriani Zahra, M.Kom.', 'Dr. Arif Setiawan, M.T.', 'Dr. Sri Handayani, M.Kom.', 'Dr. Hendro Gunawan, M.Sc.', 'Dr. Budi Santoso, M.T.'),
	(50, 52, 'Analisis Penggunaan Data Mining untuk Sistem Rekomendasi Film Berbasis Mobile', 'Dr. Arif Setiawan, M.T.', 'Dr. Hendro Gunawan, M.Sc.', 'Dr. Fitriani Zahra, M.Kom.', 'Dr. Nurhayati Wulandari, M.Kom.', 'Dr. Bambang Saputra, M.Eng.'),
	(51, 53, 'Penggunaan Teknologi GraphQL dalam Meningkatkan Performa Aplikasi Web', 'Dr. Zainal Abidin, M.T.', 'Dr. Budi Santoso, M.T.', 'Dr. Hendro Gunawan, M.Sc.', 'Dr. Rizky Amelia, M.Si.', 'Dr. Sri Handayani, M.Kom.'),
	(52, 54, 'Analisis Keamanan pada API Publik Menggunakan OAuth 2.0', 'Dr. Arif Setiawan, M.T.', 'Prof. Dr. Ridwan Hakim, M.T.', 'Dr. Zainal Abidin, M.T.', 'Dr. Andi Pratama, M.Sc.', 'Dr. Budi Santoso, M.T.'),
	(53, 55, 'Pengujian Kualitas Perangkat Lunak Menggunakan Metode Black Box Testing', 'Dr. Rizky Amelia, M.Si.', 'Prof. Dr. Siti Aminah, M.Kom.', 'Dr. Sri Handayani, M.Kom.', 'Dr. Zainal Abidin, M.T.', 'Dr. Bambang Saputra, M.Eng.'),
	(54, 56, 'Implementasi Sistem Keamanan Aplikasi Web Menggunakan Two-Factor Authentication', 'Dr. Hendro Gunawan, M.Sc.', 'Dr. Sri Handayani, M.Kom.', 'Dr. Arif Setiawan, M.T.', 'Dr. Fitriani Zahra, M.Kom.', 'Prof. Dr. Siti Aminah, M.Kom.'),
	(55, 57, 'Analisis Keamanan pada Infrastruktur Jaringan 5G Berbasis Virtualisasi Network Function (NFV)', 'Dr. Nurhayati Wulandari, M.Kom.', 'Dr. Andi Pratama, M.Sc.', 'Dr. Zainal Abidin, M.T.', 'Prof. Dr. Siti Aminah, M.Kom.', 'Dr. Budi Santoso, M.T.'),
	(56, 58, 'Rancang Bangun Sistem Keamanan Berlapis untuk Perlindungan Jaringan Perusahaan', 'Dr. Bambang Saputra, M.Eng.', 'Dr. Nurhayati Wulandari, M.Kom.', 'Prof. Dr. Ridwan Hakim, M.T.', 'Dr. Rizky Amelia, M.Si.', 'Dr. Fitriani Zahra, M.Kom.'),
	(57, 59, 'Pengembangan Sistem Pendataan Masyarakat Berbasis Web dengan Framework Django', 'Dr. Fitriani Zahra, M.Kom.', 'Prof. Dr. Ridwan Hakim, M.T.', 'Prof. Dr. Siti Aminah, M.Kom.', 'Dr. Hendro Gunawan, M.Sc.', 'Dr. Nurhayati Wulandari, M.Kom.'),
	(58, 60, 'Evaluasi Efisiensi Protokol Routing dalam Software-Defined Wide Area Network (SD-WAN)', 'Dr. Nurhayati Wulandari, M.Kom.', 'Dr. Arif Setiawan, M.T.', 'Dr. Fitriani Zahra, M.Kom.', 'Dr. Andi Pratama, M.Sc.', 'Prof. Dr. Ridwan Hakim, M.T.'),
	(59, 62, 'Rancang Bangun Sistem e-Learning Menggunakan Framework Node.js dan Express', 'Dr. Hendro Gunawan, M.Sc.', 'Dr. Fitriani Zahra, M.Kom.', 'Dr. Budi Santoso, M.T.', 'Dr. Zainal Abidin, M.T.', 'Prof. Dr. Ridwan Hakim, M.T.'),
	(60, 64, 'Implementasi dan Analisis Sistem Virtual Private Network (VPN) Berbasis WireGuard', 'Dr. Arif Setiawan, M.T.', 'Prof. Dr. Ridwan Hakim, M.T.', 'Dr. Andi Pratama, M.Sc.', 'Prof. Dr. Siti Aminah, M.Kom.', 'Dr. Nurhayati Wulandari, M.Kom.'),
	(61, 65, 'Penerapan Model View Presenter (MVP) pada Aplikasi Android untuk Pemisahan Logika', 'Dr. Andi Pratama, M.Sc.', 'Dr. Zainal Abidin, M.T.', 'Prof. Dr. Ridwan Hakim, M.T.', 'Prof. Dr. Siti Aminah, M.Kom.', 'Dr. Sri Handayani, M.Kom.'),
	(62, 66, 'Implementasi Algoritma Least Connection pada Load Balancer untuk Optimalisasi Beban Server', 'Dr. Budi Santoso, M.T.', 'Dr. Zainal Abidin, M.T.', 'Dr. Arif Setiawan, M.T.', 'Dr. Hendro Gunawan, M.Sc.', 'Dr. Nurhayati Wulandari, M.Kom.'),
	(63, 67, 'Analisis dan Implementasi Firewall Berbasis Machine Learning untuk Pencegahan Ancaman Jaringan', 'Dr. Budi Santoso, M.T.', 'Dr. Zainal Abidin, M.T.', 'Dr. Sri Handayani, M.Kom.', 'Prof. Dr. Ridwan Hakim, M.T.', 'Dr. Fitriani Zahra, M.Kom.'),
	(64, 68, 'Penerapan Virtualisasi Jaringan untuk Meningkatkan Efisiensi Jaringan Kampus', 'Dr. Hendro Gunawan, M.Sc.', 'Dr. Sri Handayani, M.Kom.', 'Dr. Rizky Amelia, M.Si.', 'Prof. Dr. Ridwan Hakim, M.T.', 'Dr. Budi Santoso, M.T.'),
	(65, 71, 'Analisis Kinerja Algoritma Load Balancing pada Jaringan Cloud Computing', 'Dr. Rizky Amelia, M.Si.', 'Dr. Budi Santoso, M.T.', 'Dr. Hendro Gunawan, M.Sc.', 'Dr. Sri Handayani, M.Kom.', 'Dr. Andi Pratama, M.Sc.'),
	(66, 72, 'Penerapan Machine Learning pada Sistem Deteksi Emosi dalam Teks Chat', 'Dr. Fitriani Zahra, M.Kom.', 'Dr. Arif Setiawan, M.T.', 'Dr. Nurhayati Wulandari, M.Kom.', 'Prof. Dr. Ridwan Hakim, M.T.', 'Dr. Sri Handayani, M.Kom.'),
	(67, 73, 'Pengembangan Sistem Manajemen Trafik Berbasis QoS pada Jaringan Multimedia', 'Prof. Dr. Siti Aminah, M.Kom.', 'Dr. Hendro Gunawan, M.Sc.', 'Prof. Dr. Ridwan Hakim, M.T.', 'Dr. Fitriani Zahra, M.Kom.', 'Dr. Zainal Abidin, M.T.'),
	(68, 74, 'Pengembangan Model Failover untuk Meningkatkan Ketersediaan Layanan dalam Cloud Computing', 'Dr. Hendro Gunawan, M.Sc.', 'Dr. Sri Handayani, M.Kom.', 'Dr. Andi Pratama, M.Sc.', 'Prof. Dr. Siti Aminah, M.Kom.', 'Dr. Fitriani Zahra, M.Kom.'),
	(69, 75, 'Penerapan Algoritma Load Balancing Weighted Round Robin pada Infrastruktur Cloud', 'Prof. Dr. Siti Aminah, M.Kom.', 'Dr. Sri Handayani, M.Kom.', 'Dr. Bambang Saputra, M.Eng.', 'Dr. Zainal Abidin, M.T.', 'Dr. Arif Setiawan, M.T.'),
	(70, 76, 'Penerapan Load Balancer Berbasis Nginx dalam Lingkungan Kubernetes untuk Aplikasi Web', 'Dr. Sri Handayani, M.Kom.', 'Prof. Dr. Ridwan Hakim, M.T.', 'Dr. Bambang Saputra, M.Eng.', 'Dr. Zainal Abidin, M.T.', 'Dr. Nurhayati Wulandari, M.Kom.'),
	(71, 77, 'Pengembangan Sistem Pemantauan IoT Berbasis Web untuk Smart Home', 'Dr. Budi Santoso, M.T.', 'Prof. Dr. Siti Aminah, M.Kom.', 'Dr. Zainal Abidin, M.T.', 'Dr. Sri Handayani, M.Kom.', 'Dr. Bambang Saputra, M.Eng.'),
	(72, 78, 'Optimalisasi Kinerja Server Backend Menggunakan Metode Load Balancing pada Jaringan Multi-Node', 'Dr. Nurhayati Wulandari, M.Kom.', 'Prof. Dr. Ridwan Hakim, M.T.', 'Dr. Sri Handayani, M.Kom.', 'Dr. Rizky Amelia, M.Si.', 'Dr. Hendro Gunawan, M.Sc.'),
	(73, 79, 'Prediksi Pola Perilaku Pengguna di Media Sosial dengan Pendekatan Natural Language Processing', 'Dr. Sri Handayani, M.Kom.', 'Dr. Bambang Saputra, M.Eng.', 'Dr. Hendro Gunawan, M.Sc.', 'Prof. Dr. Ridwan Hakim, M.T.', 'Dr. Arif Setiawan, M.T.'),
	(74, 80, 'Studi Perbandingan Algoritma Routing Protokol dalam Jaringan Ad Hoc', 'Dr. Zainal Abidin, M.T.', 'Dr. Fitriani Zahra, M.Kom.', 'Dr. Nurhayati Wulandari, M.Kom.', 'Prof. Dr. Ridwan Hakim, M.T.', 'Dr. Arif Setiawan, M.T.'),
	(75, 81, 'Desain Sistem Jaringan untuk Pengelolaan Data Besar (Big Data) pada Infrastruktur Cloud', 'Dr. Budi Santoso, M.T.', 'Dr. Zainal Abidin, M.T.', 'Dr. Arif Setiawan, M.T.', 'Dr. Fitriani Zahra, M.Kom.', 'Prof. Dr. Ridwan Hakim, M.T.'),
	(76, 82, 'Evaluasi Algoritma K-Nearest Neighbors untuk Sistem Rekomendasi Produk E-Commerce', 'Prof. Dr. Siti Aminah, M.Kom.', 'Dr. Sri Handayani, M.Kom.', 'Prof. Dr. Ridwan Hakim, M.T.', 'Dr. Budi Santoso, M.T.', 'Dr. Hendro Gunawan, M.Sc.'),
	(77, 83, 'Pengujian Keamanan Aplikasi Web Menggunakan Metode Penetration Testing', 'Prof. Dr. Siti Aminah, M.Kom.', 'Dr. Andi Pratama, M.Sc.', 'Dr. Zainal Abidin, M.T.', 'Dr. Sri Handayani, M.Kom.', 'Dr. Bambang Saputra, M.Eng.'),
	(78, 84, 'Implementasi Protokol BGP pada SD-WAN untuk Optimalisasi Lalu Lintas Data', 'Dr. Nurhayati Wulandari, M.Kom.', 'Dr. Andi Pratama, M.Sc.', 'Dr. Sri Handayani, M.Kom.', 'Prof. Dr. Siti Aminah, M.Kom.', 'Dr. Budi Santoso, M.T.'),
	(79, 85, 'Optimisasi Kinerja dan Skalabilitas Mikroservices dalam Arsitektur Jaringan', 'Dr. Arif Setiawan, M.T.', 'Prof. Dr. Siti Aminah, M.Kom.', 'Dr. Andi Pratama, M.Sc.', 'Dr. Fitriani Zahra, M.Kom.', 'Dr. Bambang Saputra, M.Eng.'),
	(80, 86, 'Implementasi Progressive Web App untuk Aplikasi Berita Berbasis Mobile', 'Dr. Nurhayati Wulandari, M.Kom.', 'Dr. Andi Pratama, M.Sc.', 'Dr. Zainal Abidin, M.T.', 'Dr. Sri Handayani, M.Kom.', 'Dr. Fitriani Zahra, M.Kom.');

-- Dumping structure for table db_tracking.tb_tahapan
CREATE TABLE IF NOT EXISTS `tb_tahapan` (
  `id_t` int NOT NULL AUTO_INCREMENT,
  `nama_tahap` varchar(20) DEFAULT NULL,
  PRIMARY KEY (`id_t`)
) ENGINE=InnoDB AUTO_INCREMENT=6 DEFAULT CHARSET=utf8mb4 COLLATE=utf8mb4_0900_ai_ci;

-- Dumping data for table db_tracking.tb_tahapan: ~5 rows (approximately)
INSERT INTO `tb_tahapan` (`id_t`, `nama_tahap`) VALUES
	(1, 'Mencari Judul'),
	(2, 'Menyusun Proposal'),
	(3, 'Penelitian Hasil'),
	(4, 'Menyusun Skripsi'),
	(5, 'Telah Selesai');

/*!40103 SET TIME_ZONE=IFNULL(@OLD_TIME_ZONE, 'system') */;
/*!40101 SET SQL_MODE=IFNULL(@OLD_SQL_MODE, '') */;
/*!40014 SET FOREIGN_KEY_CHECKS=IFNULL(@OLD_FOREIGN_KEY_CHECKS, 1) */;
/*!40101 SET CHARACTER_SET_CLIENT=@OLD_CHARACTER_SET_CLIENT */;
/*!40111 SET SQL_NOTES=IFNULL(@OLD_SQL_NOTES, 1) */;
