-- --------------------------------------------------------
-- Host:                         127.0.0.1
-- Server version:               8.0.30 - MySQL Community Server - GPL
-- Server OS:                    Win64
-- HeidiSQL Version:             12.1.0.6537
-- --------------------------------------------------------

/*!40101 SET @OLD_CHARACTER_SET_CLIENT=@@CHARACTER_SET_CLIENT */;
/*!40101 SET NAMES utf8 */;
/*!50503 SET NAMES utf8mb4 */;
/*!40103 SET @OLD_TIME_ZONE=@@TIME_ZONE */;
/*!40103 SET TIME_ZONE='+00:00' */;
/*!40014 SET @OLD_FOREIGN_KEY_CHECKS=@@FOREIGN_KEY_CHECKS, FOREIGN_KEY_CHECKS=0 */;
/*!40101 SET @OLD_SQL_MODE=@@SQL_MODE, SQL_MODE='NO_AUTO_VALUE_ON_ZERO' */;
/*!40111 SET @OLD_SQL_NOTES=@@SQL_NOTES, SQL_NOTES=0 */;


-- Dumping database structure for db_tracking
CREATE DATABASE IF NOT EXISTS `db_tracking` /*!40100 DEFAULT CHARACTER SET utf8mb4 COLLATE utf8mb4_0900_ai_ci */ /*!80016 DEFAULT ENCRYPTION='N' */;
USE `db_tracking`;

-- Dumping structure for table db_tracking.tb_mahasiswa
CREATE TABLE IF NOT EXISTS `tb_mahasiswa` (
  `id_m` int NOT NULL AUTO_INCREMENT,
  `nama_mahasiswa` varchar(50) DEFAULT NULL,
  `nim` varchar(12) DEFAULT NULL,
  `peminatan` varchar(30) DEFAULT NULL,
  `jenis_kelamin` varchar(12) DEFAULT NULL,
  PRIMARY KEY (`id_m`)
);
--ENGINE=InnoDB AUTO_INCREMENT=87 DEFAULT CHARSET=utf8mb4 COLLATE=utf8mb4_0900_ai_ci;

-- Dumping data for table db_tracking.tb_mahasiswa: ~80 rows (approximately)
INSERT INTO `tb_mahasiswa` (`id_m`, `nama_mahasiswa`, `nim`, `peminatan`, `jenis_kelamin`) VALUES
	(1, 'Chintya Mawadhah Sumitro', 'E1E119001', 'RPL', 'Perempuan'),
	(2, 'Desri Puspita Sari', 'E1E119002', 'Jaringan', 'Perempuan'),
	(3, 'Dini Fadilah', 'E1E119003', 'RPL', 'Perempuan'),
	(4, 'Dwi Hardiansyah', 'E1E119004', 'Jaringan', 'Laki-Laki'),
	(5, 'Frida Mimi Wahyuni', 'E1E119005', 'KCV', 'Perempuan'),
	(6, 'Mihra Wardana', 'E1E119006', 'RPL', 'Perempuan'),
	(7, 'Nur Rahmawati Subuh', 'E1E119007', 'RPL', 'Perempuan'),
	(8, 'Nurul Hajra Hadijah', 'E1E119008', 'RPL', 'Perempuan'),
	(9, 'Putri Nabilla', 'E1E119009', 'KCV', 'Perempuan'),
	(10, 'Rahmat Zulwan S.', 'E1E119010', 'RPL', 'Laki-Laki'),
	(11, 'Reskal', 'E1E119011', 'KCV', 'Laki-Laki'),
	(12, 'Resti', 'E1E119012', 'RPL', 'Perempuan'),
	(13, 'Resty Saleha', 'E1E119013', 'RPL', 'Perempuan'),
	(14, 'Syahidatul Islamiyah', 'E1E119014', 'RPL', 'Perempuan'),
	(15, 'Wa Ode Asrina Yulianti', 'E1E119015', 'RPL', 'Perempuan'),
	(16, 'Wa Ode St. Fadila', 'E1E119016', 'RPL', 'Perempuan'),
	(17, 'Andi Gammad Brilliant Arifzha', 'E1E119017', 'RPL', 'Laki-Laki'),
	(18, 'Abdi Aman Bangsa', 'E1E119018', 'RPL', 'Laki-Laki'),
	(19, 'Anantha Tisa Audrian', 'E1E119019', 'RPL', 'Laki-Laki'),
	(20, 'Andi Khairul Baits Said', 'E1E119020', 'RPL', 'Laki-Laki'),
	(21, 'Andi Muhammad Arkan', 'E1E119021', 'Jaringan', 'Laki-Laki'),
	(22, 'Asfan Meliawan', 'E1E119022', 'KCV', 'Laki-Laki'),
	(23, 'Fahrul Ardian Nugroho', 'E1E119023', 'RPL', 'Laki-Laki'),
	(24, 'Fatma Yulniar', 'E1E119024', 'RPL', 'Perempuan'),
	(25, 'Gisela Sanggaria', 'E1E119025', 'RPL', 'Perempuan'),
	(26, 'I Komang Sucita Darma', 'E1E119026', 'RPL', 'Laki-Laki'),
	(27, 'Ida Bagus Gede Pala Asmara', 'E1E119027', 'RPL', 'Laki-Laki'),
	(28, 'Idham Ar-Rasyid', 'E1E119028', 'RPL', 'Laki-Laki'),
	(29, 'Indah Fauzia', 'E1E119029', 'RPL', 'Perempuan'),
	(30, 'Kadek Rai Rieska Jandwarda', 'E1E119030', 'RPL', 'Laki-Laki'),
	(31, 'Muhammad Farhan Saputra', 'E1E119031', 'RPL', 'Laki-Laki'),
	(32, 'Muhammad Algazali', 'E1E119032', 'Jaringan', 'Laki-Laki'),
	(33, 'Muhammad Rafli', 'E1E119033', 'RPL', 'Laki-Laki'),
	(34, 'Nadaa Quratul Ain', 'E1E119034', 'RPL', 'Perempuan'),
	(35, 'Nurhalisa Madukubah', 'E1E119035', 'RPL', 'Perempuan'),
	(37, 'Rabbil Sukarnas Malid Irman', 'E1E119037', 'RPL', 'Laki-Laki'),
	(38, 'Susana Aprilia Maharani', 'E1E119038', 'KCV', 'Perempuan'),
	(39, 'Abdullah Alhayad Arafah', 'E1E119039', 'KCV', 'Laki-Laki'),
	(41, 'Agatha Mega Putri', 'E1E119041', 'RPL', 'Perempuan'),
	(42, 'Ahmad Ainun Marwan', 'E1E119042', 'Jaringan', 'Laki-Laki'),
	(43, 'Ahmad Dhani Ali', 'E1E119043', 'RPL', 'Laki-Laki'),
	(44, 'Al Muhaimin', 'E1E119044', 'Jaringan', 'Laki-Laki'),
	(45, 'Alif Anugrah', 'E1E119045', 'RPL', 'Laki-Laki'),
	(46, 'Andi Abdillah Juliardi', 'E1E119046', 'RPL', 'Laki-Laki'),
	(47, 'Andi Nurhalisa', 'E1E119047', 'RPL', 'Perempuan'),
	(48, 'Andri Rozaldin', 'E1E119048', 'Jaringan', 'Laki-Laki'),
	(49, 'Annisaa Dwi Amalia Santoso', 'E1E119049', 'RPL', 'Perempuan'),
	(50, 'Daniel Jr. March Cavallera L.', 'E1E119050', 'Jaringan', 'Laki-Laki'),
	(51, 'Diah Ayu Ningtiyas', 'E1E119051', 'RPL', 'Perempuan'),
	(52, 'Eka Wahyu Hidayati', 'E1E119052', 'RPL', 'Perempuan'),
	(53, 'Fadli Brilian Daksa', 'E1E119053', 'RPL', 'Laki-Laki'),
	(54, 'Farid Muhammad', 'E1E119054', 'RPL', 'Laki-Laki'),
	(55, 'Farshaneda Rahim', 'E1E119055', 'RPL', 'Perempuan'),
	(56, 'Febriana', 'E1E119056', 'RPL', 'Perempuan'),
	(57, 'Gita Prisilfia', 'E1E119057', 'Jaringan', 'Perempuan'),
	(58, 'Ifani Fadillah Putri', 'E1E119058', 'Jaringan', 'Perempuan'),
	(59, 'Laode Rahmat Hidayat', 'E1E119059', 'RPL', 'Laki-Laki'),
	(60, 'La Ode Zahirul Hikmah', 'E1E119060', 'Jaringan', 'Laki-Laki'),
	(62, 'Lily Karmila', 'E1E119062', 'RPL', 'Perempuan'),
	(64, 'Muhammad Yasir', 'E1E119064', 'Jaringan', 'Laki-Laki'),
	(65, 'Muhammad Alqadri', 'E1E119065', 'RPL', 'Laki-Laki'),
	(66, 'Muh. Erhan Rafli Setiawan A.', 'E1E119066', 'Jaringan', 'Laki-Laki'),
	(67, 'Muhammad Farhan', 'E1E119067', 'Jaringan', 'Laki-Laki'),
	(68, 'Muh. Syaban Aditya Marsyawal', 'E1E119068', 'Jaringan', 'Laki-Laki'),
	(71, 'Niken Indryani', 'E1E119071', 'Jaringan', 'Perempuan'),
	(72, 'Nurul Niza', 'E1E119072', 'RPL', 'Perempuan'),
	(73, 'Priyanto Darmansyah', 'E1E119073', 'Jaringan', 'Laki-Laki'),
	(74, 'Queen Isabell Felicya Tatambihe', 'E1E119074', 'Jaringan', 'Perempuan'),
	(75, 'Ratri Pramudita', 'E1E119075', 'Jaringan', 'Perempuan'),
	(76, 'Ridha Entim Aprilya', 'E1E119076', 'Jaringan', 'Perempuan'),
	(77, 'Rizky Khairun Nisa', 'E1E119077', 'RPL', 'Perempuan'),
	(78, 'Sarmin', 'E1E119078', 'Jaringan', 'Laki-Laki'),
	(79, 'Shafira Khaerunnisa Arifin', 'E1E119079', 'KCV', 'Perempuan'),
	(80, 'Tunfatul Uzma', 'E1E119080', 'Jaringan', 'Perempuan'),
	(81, 'Urif Hermawan', 'E1E119081', 'Jaringan', 'Laki-Laki'),
	(82, 'Wa Ode Kinanti Ayunin Asadih', 'E1E119082', 'RPL', 'Perempuan'),
	(83, 'Waode Anti', 'E1E119083', 'RPL', 'Perempuan'),
	(84, 'Winel Dwi Satrini', 'E1E119084', 'Jaringan', 'Perempuan'),
	(85, 'Yoga Maulana', 'E1E119085', 'Jaringan', 'Laki-Laki'),
	(86, 'Yuyun Rusmianti', 'E1E119086', 'RPL', 'Perempuan');

-- Dumping structure for table db_tracking.tb_progress
CREATE TABLE IF NOT EXISTS `tb_progress` (
  `id_p` int NOT NULL AUTO_INCREMENT,
  `id_m` int DEFAULT NULL,
  `id_t` int DEFAULT NULL,
  `tanggal` date DEFAULT NULL,
  PRIMARY KEY (`id_p`),
  KEY `id_m` (`id_m`),
  KEY `id_t` (`id_t`),
  CONSTRAINT `tb_progress_ibfk_1` FOREIGN KEY (`id_m`) REFERENCES `tb_mahasiswa` (`id_m`),
  CONSTRAINT `tb_progress_ibfk_2` FOREIGN KEY (`id_t`) REFERENCES `tb_tahapan` (`id_t`)
);
-- ENGINE=InnoDB AUTO_INCREMENT=6033 DEFAULT CHARSET=utf8mb4 COLLATE=utf8mb4_0900_ai_ci;

-- Dumping data for table db_tracking.tb_progress: ~331 rows (approximately)
INSERT INTO `tb_progress` (`id_p`, `id_m`, `id_t`, `tanggal`) VALUES
	(1, 1, 1, '2001-01-01'),
	(2, 1, 2, '2023-01-01'),
	(3, 1, 3, '2023-01-01'),
	(4, 1, 4, '2023-01-01'),
	(5, 1, 5, '2023-01-01'),
	(6, 2, 1, '2001-01-01'),
	(7, 2, 2, '2023-01-18'),
	(8, 2, 3, '2023-01-18'),
	(9, 3, 1, '2001-01-01'),
	(10, 3, 2, '2023-02-02'),
	(11, 3, 3, '2023-02-02'),
	(12, 3, 4, '2023-02-02'),
	(13, 3, 5, '2023-02-02'),
	(14, 4, 1, '2001-01-01'),
	(15, 4, 2, '2023-03-20'),
	(16, 4, 3, '2023-03-20'),
	(17, 4, 4, '2023-03-20'),
	(18, 4, 5, '2023-03-20'),
	(19, 5, 1, '2001-01-01'),
	(20, 5, 2, '2023-01-28'),
	(21, 5, 3, '2023-01-28'),
	(22, 5, 4, '2023-01-28'),
	(23, 6, 1, '2001-01-01'),
	(24, 6, 2, '2023-02-03'),
	(25, 6, 3, '2023-02-03'),
	(26, 6, 4, '2023-02-03'),
	(27, 6, 5, '2023-02-03'),
	(28, 7, 1, '2001-01-01'),
	(29, 7, 2, '2023-02-04'),
	(30, 7, 3, '2023-02-04'),
	(31, 7, 4, '2023-02-04'),
	(32, 7, 5, '2023-02-04'),
	(33, 8, 1, '2001-01-01'),
	(34, 8, 2, '2023-02-05'),
	(35, 8, 3, '2023-02-05'),
	(36, 8, 4, '2023-02-05'),
	(37, 8, 5, '2023-02-05'),
	(38, 9, 1, '2001-01-01'),
	(39, 9, 2, '2023-01-29'),
	(40, 9, 3, '2023-01-29'),
	(41, 9, 4, '2023-01-29'),
	(42, 10, 1, '2001-01-01'),
	(43, 10, 2, '2023-02-28'),
	(44, 10, 3, '2023-02-28'),
	(45, 10, 4, '2023-02-28'),
	(46, 10, 5, '2023-02-28'),
	(47, 11, 1, '2001-01-01'),
	(48, 11, 2, '2023-03-18'),
	(49, 11, 3, '2023-03-18'),
	(50, 11, 4, '2023-03-18'),
	(51, 11, 5, '2023-03-18'),
	(52, 12, 1, '2001-01-01'),
	(53, 12, 2, '2023-02-06'),
	(54, 12, 3, '2023-02-06'),
	(55, 12, 4, '2023-02-06'),
	(56, 12, 5, '2023-02-06'),
	(57, 13, 1, '2001-01-01'),
	(58, 13, 2, '2023-02-07'),
	(59, 13, 3, '2023-02-07'),
	(60, 13, 4, '2023-02-07'),
	(61, 13, 5, '2023-02-07'),
	(62, 14, 1, '2001-01-01'),
	(63, 14, 2, '2023-02-08'),
	(64, 14, 3, '2023-02-08'),
	(65, 14, 4, '2023-02-08'),
	(66, 14, 5, '2023-02-08'),
	(67, 15, 1, '2001-01-01'),
	(68, 15, 2, '2023-02-09'),
	(69, 15, 3, '2023-02-09'),
	(70, 15, 4, '2023-02-09'),
	(71, 15, 5, '2023-02-09'),
	(72, 16, 1, '2001-01-01'),
	(73, 16, 2, '2023-02-10'),
	(74, 16, 3, '2023-02-10'),
	(75, 16, 4, '2023-02-10'),
	(76, 16, 5, '2023-02-10'),
	(77, 17, 1, '2001-01-01'),
	(78, 17, 2, '2023-03-01'),
	(79, 17, 3, '2023-03-01'),
	(80, 17, 4, '2023-03-01'),
	(81, 17, 5, '2023-03-01'),
	(82, 18, 1, '2001-01-01'),
	(83, 18, 2, '2023-03-02'),
	(84, 18, 3, '2023-03-02'),
	(85, 18, 4, '2023-03-02'),
	(86, 18, 5, '2023-03-02'),
	(87, 19, 1, '2001-01-01'),
	(88, 19, 2, '2023-03-03'),
	(89, 19, 3, '2023-03-03'),
	(90, 19, 4, '2023-03-03'),
	(91, 19, 5, '2023-03-03'),
	(92, 20, 1, '2001-01-01'),
	(93, 20, 2, '2023-03-04'),
	(94, 20, 3, '2023-03-04'),
	(95, 20, 4, '2023-03-04'),
	(96, 20, 5, '2023-03-04'),
	(97, 21, 1, '2001-01-01'),
	(98, 22, 1, '2001-01-01'),
	(99, 23, 1, '2001-01-01'),
	(100, 23, 2, '2023-03-05'),
	(101, 23, 3, '2023-03-05'),
	(102, 23, 4, '2023-03-05'),
	(103, 23, 5, '2023-03-05'),
	(104, 24, 1, '2001-01-01'),
	(105, 25, 1, '2001-01-01'),
	(106, 25, 2, '2023-02-11'),
	(107, 25, 3, '2023-02-11'),
	(108, 25, 4, '2023-02-11'),
	(109, 25, 5, '2023-02-11'),
	(110, 26, 1, '2001-01-01'),
	(111, 26, 2, '2023-03-06'),
	(112, 26, 3, '2023-03-06'),
	(113, 26, 4, '2023-03-06'),
	(114, 26, 5, '2023-03-06'),
	(115, 27, 1, '2001-01-01'),
	(116, 27, 2, '2023-03-07'),
	(117, 27, 3, '2023-03-07'),
	(118, 27, 4, '2023-03-07'),
	(119, 27, 5, '2023-03-07'),
	(120, 28, 1, '2001-01-01'),
	(121, 28, 2, '2023-03-08'),
	(122, 28, 3, '2023-03-08'),
	(123, 28, 4, '2023-03-08'),
	(124, 28, 5, '2023-03-08'),
	(125, 29, 1, '2001-01-01'),
	(126, 29, 2, '2023-02-12'),
	(127, 29, 3, '2023-02-12'),
	(128, 29, 4, '2023-02-12'),
	(129, 29, 5, '2023-02-12'),
	(130, 30, 1, '2001-01-01'),
	(131, 30, 2, '2023-03-09'),
	(132, 30, 3, '2023-03-09'),
	(133, 30, 4, '2023-03-09'),
	(134, 30, 5, '2023-03-09'),
	(135, 31, 1, '2001-01-01'),
	(136, 31, 2, '2023-03-10'),
	(137, 31, 3, '2023-03-10'),
	(138, 31, 4, '2023-03-10'),
	(139, 31, 5, '2023-03-10'),
	(143, 33, 1, '2001-01-01'),
	(144, 33, 2, '2023-03-11'),
	(145, 33, 3, '2023-03-11'),
	(146, 33, 4, '2023-03-11'),
	(147, 33, 5, '2023-03-11'),
	(148, 34, 1, '2001-01-01'),
	(149, 34, 2, '2023-02-13'),
	(150, 34, 3, '2023-02-13'),
	(151, 34, 4, '2023-02-13'),
	(152, 34, 5, '2023-02-13'),
	(153, 35, 1, '2001-01-01'),
	(154, 37, 1, '2001-01-01'),
	(155, 37, 2, '2023-02-01'),
	(156, 37, 3, '2023-02-01'),
	(157, 37, 4, '2023-02-01'),
	(158, 38, 1, '2001-01-01'),
	(159, 38, 2, '2023-01-30'),
	(160, 38, 3, '2023-01-30'),
	(161, 38, 4, '2023-01-30'),
	(162, 39, 1, '2001-01-01'),
	(163, 39, 2, '2023-03-19'),
	(164, 39, 3, '2023-03-19'),
	(165, 39, 4, '2023-03-19'),
	(166, 39, 5, '2023-03-19'),
	(167, 41, 1, '2001-01-01'),
	(168, 41, 2, '2023-02-14'),
	(169, 41, 3, '2023-02-14'),
	(170, 41, 4, '2023-02-14'),
	(171, 41, 5, '2023-02-14'),
	(172, 42, 1, '2001-01-01'),
	(173, 42, 2, '2023-03-21'),
	(174, 42, 3, '2023-03-21'),
	(175, 42, 4, '2023-03-21'),
	(176, 42, 5, '2023-03-21'),
	(177, 43, 1, '2001-01-01'),
	(178, 43, 2, '2023-01-23'),
	(179, 43, 3, '2023-01-23'),
	(180, 44, 1, '2001-01-01'),
	(181, 45, 1, '2001-01-01'),
	(182, 45, 2, '2023-03-12'),
	(183, 45, 3, '2023-03-12'),
	(184, 45, 4, '2023-03-12'),
	(185, 45, 5, '2023-03-12'),
	(186, 46, 1, '2001-01-01'),
	(187, 46, 2, '2023-03-13'),
	(188, 46, 3, '2023-03-13'),
	(189, 46, 4, '2023-03-13'),
	(190, 46, 5, '2023-03-13'),
	(191, 47, 1, '2001-01-01'),
	(192, 47, 2, '2023-02-15'),
	(193, 47, 3, '2023-02-15'),
	(194, 47, 4, '2023-02-15'),
	(195, 47, 5, '2023-02-15'),
	(196, 48, 1, '2001-01-01'),
	(197, 49, 1, '2001-01-01'),
	(198, 49, 2, '2023-01-16'),
	(199, 49, 3, '2023-01-16'),
	(200, 50, 1, '2001-01-01'),
	(201, 51, 1, '2001-01-01'),
	(202, 51, 2, '2023-02-16'),
	(203, 51, 3, '2023-02-16'),
	(204, 51, 4, '2023-02-16'),
	(205, 51, 5, '2023-02-16'),
	(206, 52, 1, '2001-01-01'),
	(207, 52, 2, '2023-02-17'),
	(208, 52, 3, '2023-02-17'),
	(209, 52, 4, '2023-02-17'),
	(210, 52, 5, '2023-02-17'),
	(211, 53, 1, '2001-01-01'),
	(212, 53, 2, '2023-03-14'),
	(213, 53, 3, '2023-03-14'),
	(214, 53, 4, '2023-03-14'),
	(215, 53, 5, '2023-03-14'),
	(216, 54, 1, '2001-01-01'),
	(217, 54, 2, '2023-03-15'),
	(218, 54, 3, '2023-03-15'),
	(219, 54, 4, '2023-03-15'),
	(220, 54, 5, '2023-03-15'),
	(221, 55, 1, '2001-01-01'),
	(222, 55, 2, '2023-01-17'),
	(223, 55, 3, '2023-01-17'),
	(224, 56, 1, '2001-01-01'),
	(225, 56, 2, '2023-02-18'),
	(226, 56, 3, '2023-02-18'),
	(227, 56, 4, '2023-02-18'),
	(228, 56, 5, '2023-02-18'),
	(229, 57, 1, '2001-01-01'),
	(230, 57, 2, '2023-01-31'),
	(231, 57, 3, '2023-01-31'),
	(232, 57, 4, '2023-01-31'),
	(233, 58, 1, '2001-01-01'),
	(234, 58, 2, '2023-02-26'),
	(235, 58, 3, '2023-02-26'),
	(236, 58, 4, '2023-02-26'),
	(237, 58, 5, '2023-02-26'),
	(238, 59, 1, '2001-01-01'),
	(239, 59, 2, '2023-03-16'),
	(240, 59, 3, '2023-03-16'),
	(241, 59, 4, '2023-03-16'),
	(242, 59, 5, '2023-03-16'),
	(243, 60, 1, '2001-01-01'),
	(244, 62, 1, '2001-01-01'),
	(245, 62, 2, '2023-02-19'),
	(246, 62, 3, '2023-02-19'),
	(247, 62, 4, '2023-02-19'),
	(248, 62, 5, '2023-02-19'),
	(249, 64, 1, '2001-01-01'),
	(250, 64, 2, '2023-01-25'),
	(251, 64, 3, '2023-01-25'),
	(252, 65, 1, '2001-01-01'),
	(253, 65, 2, '2023-03-17'),
	(254, 65, 3, '2023-03-17'),
	(255, 65, 4, '2023-03-17'),
	(256, 65, 5, '2023-03-17'),
	(257, 66, 1, '2001-01-01'),
	(258, 67, 1, '2001-01-01'),
	(259, 68, 1, '2001-01-01'),
	(260, 68, 2, '2023-01-15'),
	(261, 71, 1, '2001-01-01'),
	(262, 72, 1, '2001-01-01'),
	(263, 72, 2, '2023-02-20'),
	(264, 72, 3, '2023-02-20'),
	(265, 72, 4, '2023-02-20'),
	(266, 72, 5, '2023-02-20'),
	(267, 73, 1, '2001-01-01'),
	(268, 73, 2, '2023-01-26'),
	(269, 73, 3, '2023-01-26'),
	(270, 74, 1, '2001-01-01'),
	(271, 74, 2, '2023-01-19'),
	(272, 74, 3, '2023-01-19'),
	(273, 75, 1, '2001-01-01'),
	(274, 75, 2, '2023-02-27'),
	(275, 75, 3, '2023-02-27'),
	(276, 75, 4, '2023-02-27'),
	(277, 75, 5, '2023-02-27'),
	(278, 76, 1, '2001-01-01'),
	(279, 76, 2, '2023-01-20'),
	(280, 76, 3, '2023-01-20'),
	(281, 77, 1, '2001-01-01'),
	(282, 77, 2, '2023-02-21'),
	(283, 77, 3, '2023-02-21'),
	(284, 77, 4, '2023-02-21'),
	(285, 77, 5, '2023-02-21'),
	(286, 78, 1, '2001-01-01'),
	(287, 78, 2, '2023-01-27'),
	(288, 78, 3, '2023-01-27'),
	(289, 79, 1, '2001-01-01'),
	(290, 79, 2, '2023-02-25'),
	(291, 79, 3, '2023-02-25'),
	(292, 79, 4, '2023-02-25'),
	(293, 79, 5, '2023-02-25'),
	(294, 80, 1, '2001-01-01'),
	(295, 80, 2, '2023-01-21'),
	(296, 80, 3, '2023-01-21'),
	(297, 81, 1, '2001-01-01'),
	(298, 82, 1, '2001-01-01'),
	(300, 82, 3, '2023-02-22'),
	(301, 82, 4, '2023-02-22'),
	(302, 82, 5, '2023-02-22'),
	(303, 83, 1, '2001-01-01'),
	(304, 83, 2, '2023-02-23'),
	(305, 83, 3, '2023-02-23'),
	(306, 83, 4, '2023-02-23'),
	(307, 83, 5, '2023-02-23'),
	(308, 84, 1, '2001-01-01'),
	(309, 84, 2, '2023-01-22'),
	(310, 84, 3, '2023-01-22'),
	(311, 85, 1, '2001-01-01'),
	(312, 86, 1, '2001-01-01'),
	(313, 86, 2, '2023-02-24'),
	(314, 86, 3, '2023-02-24'),
	(315, 86, 4, '2023-02-24'),
	(316, 86, 5, '2023-02-24'),
	(317, 57, 5, '2023-01-31'),
	(318, 22, 2, '2024-12-25'),
	(319, 24, 2, '2024-12-25'),
	(320, 35, 2, '2024-12-25'),
	(321, 60, 2, '2024-12-25'),
	(322, 66, 2, '2024-12-25'),
	(323, 67, 2, '2024-12-25'),
	(324, 71, 2, '2024-12-25'),
	(325, 81, 2, '2024-12-25'),
	(326, 5, 5, '2024-12-25'),
	(327, 37, 5, '2024-12-25'),
	(328, 49, 4, '2024-12-25'),
	(329, 68, 3, '2024-12-25'),
	(330, 74, 4, '2024-12-25'),
	(331, 80, 4, '2024-12-25'),
	(332, 84, 4, '2024-12-25'),
	(333, 32, 1, '2024-01-06'),
	(334, 32, 2, '2024-05-06'),
	(335, 32, 3, '2024-10-01');

-- Dumping structure for table db_tracking.tb_skripsi
CREATE TABLE IF NOT EXISTS `tb_skripsi` (
  `id_s` int NOT NULL AUTO_INCREMENT,
  `id_m` int DEFAULT NULL,
  `judul` varchar(200) DEFAULT NULL,
  `dospembimbing1` varchar(60) DEFAULT NULL,
  `dospembimbing2` varchar(60) DEFAULT NULL,
  `penguji1` varchar(60) DEFAULT NULL,
  `penguji2` varchar(60) DEFAULT NULL,
  `penguji3` varchar(60) DEFAULT NULL,
  PRIMARY KEY (`id_s`),
  KEY `id_m` (`id_m`),
  CONSTRAINT `tb_skripsi_ibfk_1` FOREIGN KEY (`id_m`) REFERENCES `tb_mahasiswa` (`id_m`)
);
-- ENGINE=InnoDB AUTO_INCREMENT=81 DEFAULT CHARSET=utf8mb4 COLLATE=utf8mb4_0900_ai_ci;

-- Dumping data for table db_tracking.tb_skripsi: ~80 rows (approximately)
INSERT INTO `tb_skripsi` (`id_s`, `id_m`, `judul`, `dospembimbing1`, `dospembimbing2`, `penguji1`, `penguji2`, `penguji3`) VALUES
	(1, 1, 'Rancang Bangun Sistem E-Procurement untuk Pengadaan Barang dan Jasa Berbasis Web', 'Dr. Arif Setiawan, M.T.', 'Dr. Zainal Abidin, M.T.', 'Prof. Dr. Siti Aminah, M.Kom.', 'Dr. Rizky Amelia, M.Si.', 'Prof. Dr. Ridwan Hakim, M.T.'),
	(2, 2, 'Rancang Bangun Sistem Monitoring Jaringan Berbasis Web Menggunakan SNMP dan Grafana', 'Dr. Andi Pratama, M.Sc.', 'Dr. Hendro Gunawan, M.Sc.', 'Dr. Fitriani Zahra, M.Kom.', 'Dr. Zainal Abidin, M.T.', 'Dr. Rizky Amelia, M.Si.'),
	(3, 3, 'Analisis Kinerja dan Skalabilitas Aplikasi Cloud Berbasis Microservices', 'Dr. Budi Santoso, M.T.', 'Dr. Sri Handayani, M.Kom.', 'Dr. Fitriani Zahra, M.Kom.', 'Dr. Bambang Saputra, M.Eng.', 'Dr. Hendro Gunawan, M.Sc.'),
	(4, 4, 'Analisis Efektivitas Protokol MPLS pada Jaringan Backbone ISP', 'Dr. Andi Pratama, M.Sc.', 'Dr. Fitriani Zahra, M.Kom.', 'Prof. Dr. Siti Aminah, M.Kom.', 'Dr. Arif Setiawan, M.T.', 'Dr. Rizky Amelia, M.Si.'),
	(5, 5, 'Pengembangan Sistem Rekomendasi Produk Berbasis Collaborative Filtering Menggunakan Algoritma Kecerdasan Buatan', 'Dr. Bambang Saputra, M.Eng.', 'Dr. Rizky Amelia, M.Si.', 'Dr. Andi Pratama, M.Sc.', 'Dr. Zainal Abidin, M.T.', 'Dr. Sri Handayani, M.Kom.'),
	(6, 6, 'Implementasi Metode DevOps dalam Peningkatan Produktivitas Pengembangan Perangkat Lunak', 'Dr. Hendro Gunawan, M.Sc.', 'Dr. Andi Pratama, M.Sc.', 'Dr. Bambang Saputra, M.Eng.', 'Prof. Dr. Siti Aminah, M.Kom.', 'Dr. Fitriani Zahra, M.Kom.'),
	(7, 7, 'Rancang Bangun Aplikasi Absensi Berbasis Mobile Menggunakan Teknologi Geolocation', 'Dr. Fitriani Zahra, M.Kom.', 'Dr. Hendro Gunawan, M.Sc.', 'Dr. Arif Setiawan, M.T.', 'Prof. Dr. Ridwan Hakim, M.T.', 'Prof. Dr. Siti Aminah, M.Kom.'),
	(8, 8, 'Optimisasi Performa API Menggunakan Caching dan Load Balancing', 'Dr. Hendro Gunawan, M.Sc.', 'Prof. Dr. Ridwan Hakim, M.T.', 'Prof. Dr. Siti Aminah, M.Kom.', 'Dr. Sri Handayani, M.Kom.', 'Dr. Bambang Saputra, M.Eng.'),
	(9, 9, 'Optimasi Segmentasi Citra Menggunakan Algoritma Convolutional Neural Network untuk Pengenalan Wajah', 'Dr. Fitriani Zahra, M.Kom.', 'Dr. Rizky Amelia, M.Si.', 'Dr. Hendro Gunawan, M.Sc.', 'Dr. Arif Setiawan, M.T.', 'Dr. Budi Santoso, M.T.'),
	(10, 10, 'Pengembangan Aplikasi Manajemen Keuangan Pribadi Berbasis Android', 'Dr. Zainal Abidin, M.T.', 'Dr. Bambang Saputra, M.Eng.', 'Dr. Budi Santoso, M.T.', 'Prof. Dr. Siti Aminah, M.Kom.', 'Dr. Rizky Amelia, M.Si.'),
	(11, 11, 'Penggunaan Algoritma Genetika untuk Optimasi Parameter pada Jaringan Syaraf Tiruan di Sistem Pengolahan Citra', 'Dr. Bambang Saputra, M.Eng.', 'Dr. Hendro Gunawan, M.Sc.', 'Dr. Fitriani Zahra, M.Kom.', 'Dr. Sri Handayani, M.Kom.', 'Dr. Zainal Abidin, M.T.'),
	(12, 12, 'Pengembangan Sistem Monitoring Server dengan Pemanfaatan Grafana dan Prometheus', 'Dr. Budi Santoso, M.T.', 'Dr. Bambang Saputra, M.Eng.', 'Dr. Nurhayati Wulandari, M.Kom.', 'Dr. Rizky Amelia, M.Si.', 'Dr. Andi Pratama, M.Sc.'),
	(13, 13, 'Rancang Bangun Sistem Manajemen Proyek Berbasis Web dengan Metode Scrum', 'Dr. Nurhayati Wulandari, M.Kom.', 'Dr. Rizky Amelia, M.Si.', 'Dr. Zainal Abidin, M.T.', 'Prof. Dr. Siti Aminah, M.Kom.', 'Prof. Dr. Ridwan Hakim, M.T.'),
	(14, 14, 'Implementasi Teknologi Blockchain untuk Sistem Voting Berbasis Web', 'Dr. Zainal Abidin, M.T.', 'Prof. Dr. Siti Aminah, M.Kom.', 'Dr. Sri Handayani, M.Kom.', 'Dr. Bambang Saputra, M.Eng.', 'Dr. Nurhayati Wulandari, M.Kom.'),
	(15, 15, 'Penggunaan Framework Selenium untuk Automasi Pengujian Aplikasi Web', 'Dr. Rizky Amelia, M.Si.', 'Prof. Dr. Ridwan Hakim, M.T.', 'Dr. Zainal Abidin, M.T.', 'Dr. Budi Santoso, M.T.', 'Dr. Bambang Saputra, M.Eng.'),
	(16, 16, 'Analisis Efektivitas Metode Pair Programming dalam Tim Pengembangan Perangkat Lunak', 'Dr. Sri Handayani, M.Kom.', 'Dr. Zainal Abidin, M.T.', 'Dr. Budi Santoso, M.T.', 'Prof. Dr. Siti Aminah, M.Kom.', 'Prof. Dr. Ridwan Hakim, M.T.'),
	(17, 17, 'Pemanfaatan Teknologi AR (Augmented Reality) pada Aplikasi Edukasi Sejarah', 'Dr. Andi Pratama, M.Sc.', 'Dr. Arif Setiawan, M.T.', 'Prof. Dr. Ridwan Hakim, M.T.', 'Dr. Budi Santoso, M.T.', 'Dr. Bambang Saputra, M.Eng.'),
	(18, 18, 'Rancang Bangun Sistem E-Complaint untuk Manajemen Keluhan Pelanggan Berbasis Web', 'Dr. Hendro Gunawan, M.Sc.', 'Dr. Nurhayati Wulandari, M.Kom.', 'Dr. Bambang Saputra, M.Eng.', 'Dr. Sri Handayani, M.Kom.', 'Dr. Zainal Abidin, M.T.'),
	(19, 19, 'Penerapan Metode Extreme Programming dalam Pengembangan Aplikasi Start-Up', 'Prof. Dr. Ridwan Hakim, M.T.', 'Dr. Arif Setiawan, M.T.', 'Dr. Nurhayati Wulandari, M.Kom.', 'Dr. Rizky Amelia, M.Si.', 'Dr. Budi Santoso, M.T.'),
	(20, 20, 'Implementasi Teknologi Chatbot pada Sistem Layanan Informasi Universitas', 'Prof. Dr. Ridwan Hakim, M.T.', 'Dr. Hendro Gunawan, M.Sc.', 'Dr. Bambang Saputra, M.Eng.', 'Dr. Budi Santoso, M.T.', 'Dr. Arif Setiawan, M.T.'),
	(21, 21, 'Implementasi Sistem Deteksi Intrusi Berbasis Jaringan Menggunakan Deep Learning', 'Prof. Dr. Siti Aminah, M.Kom.', 'Dr. Nurhayati Wulandari, M.Kom.', 'Dr. Sri Handayani, M.Kom.', 'Prof. Dr. Ridwan Hakim, M.T.', 'Dr. Fitriani Zahra, M.Kom.'),
	(22, 22, 'mplementasi Deep Learning untuk Deteksi dan Klasifikasi Objek dalam Citra Medis', 'Prof. Dr. Siti Aminah, M.Kom.', 'Dr. Hendro Gunawan, M.Sc.', 'Dr. Zainal Abidin, M.T.', 'Prof. Dr. Ridwan Hakim, M.T.', 'Dr. Bambang Saputra, M.Eng.'),
	(23, 23, 'Pengembangan Aplikasi Pertanian Berbasis IoT untuk Monitoring Kualitas Tanah', 'Dr. Nurhayati Wulandari, M.Kom.', 'Dr. Rizky Amelia, M.Si.', 'Dr. Budi Santoso, M.T.', 'Dr. Zainal Abidin, M.T.', 'Prof. Dr. Ridwan Hakim, M.T.'),
	(24, 24, 'Pengembangan Aplikasi Sistem Informasi Akademik Berbasis Web dengan Framework Laravel', 'Dr. Budi Santoso, M.T.', 'Dr. Hendro Gunawan, M.Sc.', 'Prof. Dr. Ridwan Hakim, M.T.', 'Dr. Fitriani Zahra, M.Kom.', 'Dr. Nurhayati Wulandari, M.Kom.'),
	(25, 25, 'Pengembangan Aplikasi Manajemen Inventaris Berbasis Web Menggunakan Metode MVC', 'Dr. Fitriani Zahra, M.Kom.', 'Prof. Dr. Ridwan Hakim, M.T.', 'Dr. Budi Santoso, M.T.', 'Dr. Hendro Gunawan, M.Sc.', 'Dr. Bambang Saputra, M.Eng.'),
	(26, 26, 'Rancang Bangun Sistem Reservasi Online Menggunakan Firebase sebagai Back-End', 'Dr. Hendro Gunawan, M.Sc.', 'Dr. Zainal Abidin, M.T.', 'Prof. Dr. Siti Aminah, M.Kom.', 'Dr. Rizky Amelia, M.Si.', 'Prof. Dr. Ridwan Hakim, M.T.'),
	(27, 27, 'Analisis Kinerja Algoritma Genetic untuk Optimasi Jadwal Perkuliahan', 'Dr. Rizky Amelia, M.Si.', 'Dr. Nurhayati Wulandari, M.Kom.', 'Dr. Hendro Gunawan, M.Sc.', 'Dr. Arif Setiawan, M.T.', 'Dr. Bambang Saputra, M.Eng.'),
	(28, 28, 'Penerapan Teknologi QR Code pada Aplikasi Pembayaran Digital', 'Dr. Zainal Abidin, M.T.', 'Dr. Arif Setiawan, M.T.', 'Dr. Budi Santoso, M.T.', 'Dr. Bambang Saputra, M.Eng.', 'Dr. Sri Handayani, M.Kom.'),
	(29, 29, 'Implementasi Algoritma A pada Aplikasi Pencarian Rute Tercepat di Kota', 'Dr. Budi Santoso, M.T.', 'Dr. Bambang Saputra, M.Eng.', 'Dr. Sri Handayani, M.Kom.', 'Prof. Dr. Ridwan Hakim, M.T.', 'Prof. Dr. Siti Aminah, M.Kom.'),
	(30, 30, 'Pengembangan Aplikasi Pengelolaan Gudang Menggunakan React Native dan Firebase', 'Prof. Dr. Siti Aminah, M.Kom.', 'Dr. Sri Handayani, M.Kom.', 'Dr. Zainal Abidin, M.T.', 'Dr. Bambang Saputra, M.Eng.', 'Dr. Rizky Amelia, M.Si.'),
	(31, 31, 'Rancang Bangun Aplikasi Peminjaman Buku Berbasis Mobile Menggunakan Flutter', 'Dr. Nurhayati Wulandari, M.Kom.', 'Dr. Bambang Saputra, M.Eng.', 'Dr. Zainal Abidin, M.T.', 'Prof. Dr. Siti Aminah, M.Kom.', 'Prof. Dr. Ridwan Hakim, M.T.'),
	(32, 32, 'Analisis Performansi Load Balancing Weighted Least Connection Menggunakan Haproxy Terhadap Peningkatan Kinerja Web Server', 'La Surimi, S.Si., M.Cs.', 'LM Bahtiar Aksara, ST., MT', 'Jumadil Nangi, S.Kom., M.T.', 'Rizal Adi Saputra ST., M.Kom', 'Asa Hari Wibowo S.T., M.Eng'),
	(33, 33, 'Analisis Penggunaan Metode Refactoring dalam Meningkatkan Kualitas Kode Sumber', 'Prof. Dr. Siti Aminah, M.Kom.', 'Dr. Sri Handayani, M.Kom.', 'Dr. Arif Setiawan, M.T.', 'Dr. Bambang Saputra, M.Eng.', 'Dr. Nurhayati Wulandari, M.Kom.'),
	(34, 34, 'Rancang Bangun Sistem Informasi Rumah Sakit Berbasis Web dengan Teknologi RESTful API', 'Dr. Arif Setiawan, M.T.', 'Dr. Budi Santoso, M.T.', 'Dr. Nurhayati Wulandari, M.Kom.', 'Dr. Zainal Abidin, M.T.', 'Dr. Rizky Amelia, M.Si.'),
	(35, 35, 'Rancang Bangun Sistem Rekomendasi Buku Menggunakan Algoritma Collaborative Filtering', 'Dr. Andi Pratama, M.Sc.', 'Dr. Bambang Saputra, M.Eng.', 'Dr. Zainal Abidin, M.T.', 'Prof. Dr. Siti Aminah, M.Kom.', 'Dr. Sri Handayani, M.Kom.'),
	(36, 37, 'Sistem Deteksi Intrusi pada Aplikasi Web Menggunakan Teknologi Machine Learning', 'Dr. Andi Pratama, M.Sc.', 'Prof. Dr. Ridwan Hakim, M.T.', 'Dr. Arif Setiawan, M.T.', 'Dr. Budi Santoso, M.T.', 'Dr. Sri Handayani, M.Kom.'),
	(37, 38, 'Rancang Bangun Sistem Pendeteksi Emosi Wajah Real-time Menggunakan Algoritma Support Vector Machine', 'Prof. Dr. Ridwan Hakim, M.T.', 'Dr. Fitriani Zahra, M.Kom.', 'Dr. Nurhayati Wulandari, M.Kom.', 'Dr. Andi Pratama, M.Sc.', 'Dr. Bambang Saputra, M.Eng.'),
	(38, 39, 'Penerapan YOLO (You Only Look Once) untuk Deteksi Objek Otomatis di Lingkungan Lalu Lintas', 'Dr. Bambang Saputra, M.Eng.', 'Dr. Sri Handayani, M.Kom.', 'Dr. Zainal Abidin, M.T.', 'Dr. Fitriani Zahra, M.Kom.', 'Dr. Nurhayati Wulandari, M.Kom.'),
	(39, 41, 'Pengembangan Sistem Penilaian Kinerja Karyawan Berbasis Cloud', 'Dr. Rizky Amelia, M.Si.', 'Dr. Budi Santoso, M.T.', 'Dr. Nurhayati Wulandari, M.Kom.', 'Prof. Dr. Siti Aminah, M.Kom.', 'Prof. Dr. Ridwan Hakim, M.T.'),
	(40, 42, 'Desain Sistem Pembelajaran Jarak Jauh Berbasis WebRTC dalam Infrastruktur Jaringan Kampus', 'Prof. Dr. Siti Aminah, M.Kom.', 'Dr. Rizky Amelia, M.Si.', 'Dr. Hendro Gunawan, M.Sc.', 'Dr. Budi Santoso, M.T.', 'Dr. Fitriani Zahra, M.Kom.'),
	(41, 43, 'Penerapan Metode Agile dalam Pengembangan Aplikasi Marketplace untuk UMKM', 'Dr. Andi Pratama, M.Sc.', 'Dr. Zainal Abidin, M.T.', 'Prof. Dr. Siti Aminah, M.Kom.', 'Dr. Fitriani Zahra, M.Kom.', 'Dr. Nurhayati Wulandari, M.Kom.'),
	(42, 44, 'Rancang Bangun Sistem Manajemen Trafik Jaringan Berbasis Software-Defined Networking (SDN)', 'Dr. Fitriani Zahra, M.Kom.', 'Dr. Bambang Saputra, M.Eng.', 'Dr. Arif Setiawan, M.T.', 'Dr. Rizky Amelia, M.Si.', 'Prof. Dr. Siti Aminah, M.Kom.'),
	(43, 45, 'Implementasi Algoritma Naïve Bayes untuk Sistem Klasifikasi Sentimen pada Media Sosial', 'Dr. Zainal Abidin, M.T.', 'Dr. Budi Santoso, M.T.', 'Dr. Arif Setiawan, M.T.', 'Dr. Fitriani Zahra, M.Kom.', 'Dr. Hendro Gunawan, M.Sc.'),
	(44, 46, 'Pengembangan Sistem Informasi Penjualan Berbasis Web Menggunakan Angular', 'Dr. Hendro Gunawan, M.Sc.', 'Dr. Zainal Abidin, M.T.', 'Dr. Sri Handayani, M.Kom.', 'Dr. Budi Santoso, M.T.', 'Dr. Nurhayati Wulandari, M.Kom.'),
	(45, 47, 'Pemanfaatan Docker dalam Deployment Aplikasi Web untuk Lingkungan Produksi', 'Dr. Bambang Saputra, M.Eng.', 'Dr. Zainal Abidin, M.T.', 'Dr. Fitriani Zahra, M.Kom.', 'Dr. Hendro Gunawan, M.Sc.', 'Prof. Dr. Ridwan Hakim, M.T.'),
	(46, 48, 'Optimisasi Keamanan Jaringan pada Infrastruktur IoT Menggunakan Blockchain', 'Prof. Dr. Ridwan Hakim, M.T.', 'Prof. Dr. Siti Aminah, M.Kom.', 'Dr. Rizky Amelia, M.Si.', 'Dr. Zainal Abidin, M.T.', 'Dr. Nurhayati Wulandari, M.Kom.'),
	(47, 49, 'Implementasi Continuous Integration dan Continuous Deployment pada Proses Pengembangan Perangkat Lunak', 'Dr. Rizky Amelia, M.Si.', 'Dr. Arif Setiawan, M.T.', 'Dr. Bambang Saputra, M.Eng.', 'Dr. Sri Handayani, M.Kom.', 'Dr. Andi Pratama, M.Sc.'),
	(48, 50, 'Pengembangan Model Intrusion Detection System (IDS) pada Jaringan dengan Algoritma Machine Learning', 'Dr. Fitriani Zahra, M.Kom.', 'Dr. Zainal Abidin, M.T.', 'Dr. Andi Pratama, M.Sc.', 'Dr. Nurhayati Wulandari, M.Kom.', 'Prof. Dr. Ridwan Hakim, M.T.'),
	(49, 51, 'Penggunaan Metode Design Thinking dalam Pengembangan Aplikasi Edukasi Anak Berbasis Mobile', 'Dr. Fitriani Zahra, M.Kom.', 'Dr. Arif Setiawan, M.T.', 'Dr. Sri Handayani, M.Kom.', 'Dr. Hendro Gunawan, M.Sc.', 'Dr. Budi Santoso, M.T.'),
	(50, 52, 'Analisis Penggunaan Data Mining untuk Sistem Rekomendasi Film Berbasis Mobile', 'Dr. Arif Setiawan, M.T.', 'Dr. Hendro Gunawan, M.Sc.', 'Dr. Fitriani Zahra, M.Kom.', 'Dr. Nurhayati Wulandari, M.Kom.', 'Dr. Bambang Saputra, M.Eng.'),
	(51, 53, 'Penggunaan Teknologi GraphQL dalam Meningkatkan Performa Aplikasi Web', 'Dr. Zainal Abidin, M.T.', 'Dr. Budi Santoso, M.T.', 'Dr. Hendro Gunawan, M.Sc.', 'Dr. Rizky Amelia, M.Si.', 'Dr. Sri Handayani, M.Kom.'),
	(52, 54, 'Analisis Keamanan pada API Publik Menggunakan OAuth 2.0', 'Dr. Arif Setiawan, M.T.', 'Prof. Dr. Ridwan Hakim, M.T.', 'Dr. Zainal Abidin, M.T.', 'Dr. Andi Pratama, M.Sc.', 'Dr. Budi Santoso, M.T.'),
	(53, 55, 'Pengujian Kualitas Perangkat Lunak Menggunakan Metode Black Box Testing', 'Dr. Rizky Amelia, M.Si.', 'Prof. Dr. Siti Aminah, M.Kom.', 'Dr. Sri Handayani, M.Kom.', 'Dr. Zainal Abidin, M.T.', 'Dr. Bambang Saputra, M.Eng.'),
	(54, 56, 'Implementasi Sistem Keamanan Aplikasi Web Menggunakan Two-Factor Authentication', 'Dr. Hendro Gunawan, M.Sc.', 'Dr. Sri Handayani, M.Kom.', 'Dr. Arif Setiawan, M.T.', 'Dr. Fitriani Zahra, M.Kom.', 'Prof. Dr. Siti Aminah, M.Kom.'),
	(55, 57, 'Analisis Keamanan pada Infrastruktur Jaringan 5G Berbasis Virtualisasi Network Function (NFV)', 'Dr. Nurhayati Wulandari, M.Kom.', 'Dr. Andi Pratama, M.Sc.', 'Dr. Zainal Abidin, M.T.', 'Prof. Dr. Siti Aminah, M.Kom.', 'Dr. Budi Santoso, M.T.'),
	(56, 58, 'Rancang Bangun Sistem Keamanan Berlapis untuk Perlindungan Jaringan Perusahaan', 'Dr. Bambang Saputra, M.Eng.', 'Dr. Nurhayati Wulandari, M.Kom.', 'Prof. Dr. Ridwan Hakim, M.T.', 'Dr. Rizky Amelia, M.Si.', 'Dr. Fitriani Zahra, M.Kom.'),
	(57, 59, 'Pengembangan Sistem Pendataan Masyarakat Berbasis Web dengan Framework Django', 'Dr. Fitriani Zahra, M.Kom.', 'Prof. Dr. Ridwan Hakim, M.T.', 'Prof. Dr. Siti Aminah, M.Kom.', 'Dr. Hendro Gunawan, M.Sc.', 'Dr. Nurhayati Wulandari, M.Kom.'),
	(58, 60, 'Evaluasi Efisiensi Protokol Routing dalam Software-Defined Wide Area Network (SD-WAN)', 'Dr. Nurhayati Wulandari, M.Kom.', 'Dr. Arif Setiawan, M.T.', 'Dr. Fitriani Zahra, M.Kom.', 'Dr. Andi Pratama, M.Sc.', 'Prof. Dr. Ridwan Hakim, M.T.'),
	(59, 62, 'Rancang Bangun Sistem e-Learning Menggunakan Framework Node.js dan Express', 'Dr. Hendro Gunawan, M.Sc.', 'Dr. Fitriani Zahra, M.Kom.', 'Dr. Budi Santoso, M.T.', 'Dr. Zainal Abidin, M.T.', 'Prof. Dr. Ridwan Hakim, M.T.'),
	(60, 64, 'Implementasi dan Analisis Sistem Virtual Private Network (VPN) Berbasis WireGuard', 'Dr. Arif Setiawan, M.T.', 'Prof. Dr. Ridwan Hakim, M.T.', 'Dr. Andi Pratama, M.Sc.', 'Prof. Dr. Siti Aminah, M.Kom.', 'Dr. Nurhayati Wulandari, M.Kom.'),
	(61, 65, 'Penerapan Model View Presenter (MVP) pada Aplikasi Android untuk Pemisahan Logika', 'Dr. Andi Pratama, M.Sc.', 'Dr. Zainal Abidin, M.T.', 'Prof. Dr. Ridwan Hakim, M.T.', 'Prof. Dr. Siti Aminah, M.Kom.', 'Dr. Sri Handayani, M.Kom.'),
	(62, 66, 'Implementasi Algoritma Least Connection pada Load Balancer untuk Optimalisasi Beban Server', 'Dr. Budi Santoso, M.T.', 'Dr. Zainal Abidin, M.T.', 'Dr. Arif Setiawan, M.T.', 'Dr. Hendro Gunawan, M.Sc.', 'Dr. Nurhayati Wulandari, M.Kom.'),
	(63, 67, 'Analisis dan Implementasi Firewall Berbasis Machine Learning untuk Pencegahan Ancaman Jaringan', 'Dr. Budi Santoso, M.T.', 'Dr. Zainal Abidin, M.T.', 'Dr. Sri Handayani, M.Kom.', 'Prof. Dr. Ridwan Hakim, M.T.', 'Dr. Fitriani Zahra, M.Kom.'),
	(64, 68, 'Penerapan Virtualisasi Jaringan untuk Meningkatkan Efisiensi Jaringan Kampus', 'Dr. Hendro Gunawan, M.Sc.', 'Dr. Sri Handayani, M.Kom.', 'Dr. Rizky Amelia, M.Si.', 'Prof. Dr. Ridwan Hakim, M.T.', 'Dr. Budi Santoso, M.T.'),
	(65, 71, 'Analisis Kinerja Algoritma Load Balancing pada Jaringan Cloud Computing', 'Dr. Rizky Amelia, M.Si.', 'Dr. Budi Santoso, M.T.', 'Dr. Hendro Gunawan, M.Sc.', 'Dr. Sri Handayani, M.Kom.', 'Dr. Andi Pratama, M.Sc.'),
	(66, 72, 'Penerapan Machine Learning pada Sistem Deteksi Emosi dalam Teks Chat', 'Dr. Fitriani Zahra, M.Kom.', 'Dr. Arif Setiawan, M.T.', 'Dr. Nurhayati Wulandari, M.Kom.', 'Prof. Dr. Ridwan Hakim, M.T.', 'Dr. Sri Handayani, M.Kom.'),
	(67, 73, 'Pengembangan Sistem Manajemen Trafik Berbasis QoS pada Jaringan Multimedia', 'Prof. Dr. Siti Aminah, M.Kom.', 'Dr. Hendro Gunawan, M.Sc.', 'Prof. Dr. Ridwan Hakim, M.T.', 'Dr. Fitriani Zahra, M.Kom.', 'Dr. Zainal Abidin, M.T.'),
	(68, 74, 'Pengembangan Model Failover untuk Meningkatkan Ketersediaan Layanan dalam Cloud Computing', 'Dr. Hendro Gunawan, M.Sc.', 'Dr. Sri Handayani, M.Kom.', 'Dr. Andi Pratama, M.Sc.', 'Prof. Dr. Siti Aminah, M.Kom.', 'Dr. Fitriani Zahra, M.Kom.'),
	(69, 75, 'Penerapan Algoritma Load Balancing Weighted Round Robin pada Infrastruktur Cloud', 'Prof. Dr. Siti Aminah, M.Kom.', 'Dr. Sri Handayani, M.Kom.', 'Dr. Bambang Saputra, M.Eng.', 'Dr. Zainal Abidin, M.T.', 'Dr. Arif Setiawan, M.T.'),
	(70, 76, 'Penerapan Load Balancer Berbasis Nginx dalam Lingkungan Kubernetes untuk Aplikasi Web', 'Dr. Sri Handayani, M.Kom.', 'Prof. Dr. Ridwan Hakim, M.T.', 'Dr. Bambang Saputra, M.Eng.', 'Dr. Zainal Abidin, M.T.', 'Dr. Nurhayati Wulandari, M.Kom.'),
	(71, 77, 'Pengembangan Sistem Pemantauan IoT Berbasis Web untuk Smart Home', 'Dr. Budi Santoso, M.T.', 'Prof. Dr. Siti Aminah, M.Kom.', 'Dr. Zainal Abidin, M.T.', 'Dr. Sri Handayani, M.Kom.', 'Dr. Bambang Saputra, M.Eng.'),
	(72, 78, 'Optimalisasi Kinerja Server Backend Menggunakan Metode Load Balancing pada Jaringan Multi-Node', 'Dr. Nurhayati Wulandari, M.Kom.', 'Prof. Dr. Ridwan Hakim, M.T.', 'Dr. Sri Handayani, M.Kom.', 'Dr. Rizky Amelia, M.Si.', 'Dr. Hendro Gunawan, M.Sc.'),
	(73, 79, 'Prediksi Pola Perilaku Pengguna di Media Sosial dengan Pendekatan Natural Language Processing', 'Dr. Sri Handayani, M.Kom.', 'Dr. Bambang Saputra, M.Eng.', 'Dr. Hendro Gunawan, M.Sc.', 'Prof. Dr. Ridwan Hakim, M.T.', 'Dr. Arif Setiawan, M.T.'),
	(74, 80, 'Studi Perbandingan Algoritma Routing Protokol dalam Jaringan Ad Hoc', 'Dr. Zainal Abidin, M.T.', 'Dr. Fitriani Zahra, M.Kom.', 'Dr. Nurhayati Wulandari, M.Kom.', 'Prof. Dr. Ridwan Hakim, M.T.', 'Dr. Arif Setiawan, M.T.'),
	(75, 81, 'Desain Sistem Jaringan untuk Pengelolaan Data Besar (Big Data) pada Infrastruktur Cloud', 'Dr. Budi Santoso, M.T.', 'Dr. Zainal Abidin, M.T.', 'Dr. Arif Setiawan, M.T.', 'Dr. Fitriani Zahra, M.Kom.', 'Prof. Dr. Ridwan Hakim, M.T.'),
	(76, 82, 'Evaluasi Algoritma K-Nearest Neighbors untuk Sistem Rekomendasi Produk E-Commerce', 'Prof. Dr. Siti Aminah, M.Kom.', 'Dr. Sri Handayani, M.Kom.', 'Prof. Dr. Ridwan Hakim, M.T.', 'Dr. Budi Santoso, M.T.', 'Dr. Hendro Gunawan, M.Sc.'),
	(77, 83, 'Pengujian Keamanan Aplikasi Web Menggunakan Metode Penetration Testing', 'Prof. Dr. Siti Aminah, M.Kom.', 'Dr. Andi Pratama, M.Sc.', 'Dr. Zainal Abidin, M.T.', 'Dr. Sri Handayani, M.Kom.', 'Dr. Bambang Saputra, M.Eng.'),
	(78, 84, 'Implementasi Protokol BGP pada SD-WAN untuk Optimalisasi Lalu Lintas Data', 'Dr. Nurhayati Wulandari, M.Kom.', 'Dr. Andi Pratama, M.Sc.', 'Dr. Sri Handayani, M.Kom.', 'Prof. Dr. Siti Aminah, M.Kom.', 'Dr. Budi Santoso, M.T.'),
	(79, 85, 'Optimisasi Kinerja dan Skalabilitas Mikroservices dalam Arsitektur Jaringan', 'Dr. Arif Setiawan, M.T.', 'Prof. Dr. Siti Aminah, M.Kom.', 'Dr. Andi Pratama, M.Sc.', 'Dr. Fitriani Zahra, M.Kom.', 'Dr. Bambang Saputra, M.Eng.'),
	(80, 86, 'Implementasi Progressive Web App untuk Aplikasi Berita Berbasis Mobile', 'Dr. Nurhayati Wulandari, M.Kom.', 'Dr. Andi Pratama, M.Sc.', 'Dr. Zainal Abidin, M.T.', 'Dr. Sri Handayani, M.Kom.', 'Dr. Fitriani Zahra, M.Kom.');

-- Dumping structure for table db_tracking.tb_tahapan
CREATE TABLE IF NOT EXISTS `tb_tahapan` (
  `id_t` int NOT NULL AUTO_INCREMENT,
  `nama_tahap` varchar(20) DEFAULT NULL,
  PRIMARY KEY (`id_t`)
);
--ENGINE=InnoDB AUTO_INCREMENT=6 DEFAULT CHARSET=utf8mb4 COLLATE=utf8mb4_0900_ai_ci;

-- Dumping data for table db_tracking.tb_tahapan: ~5 rows (approximately)
INSERT INTO `tb_tahapan` (`id_t`, `nama_tahap`) VALUES
	(1, 'Mencari Judul'),
	(2, 'Menyusun Proposal'),
	(3, 'Penelitian Hasil'),
	(4, 'Menyusun Skripsi'),
	(5, 'Telah Selesai');

/*!40103 SET TIME_ZONE=IFNULL(@OLD_TIME_ZONE, 'system') */;
/*!40101 SET SQL_MODE=IFNULL(@OLD_SQL_MODE, '') */;
/*!40014 SET FOREIGN_KEY_CHECKS=IFNULL(@OLD_FOREIGN_KEY_CHECKS, 1) */;
/*!40101 SET CHARACTER_SET_CLIENT=@OLD_CHARACTER_SET_CLIENT */;
/*!40111 SET SQL_NOTES=IFNULL(@OLD_SQL_NOTES, 1) */;
